paper	original_path	original_row	original	decision	source	reason
dececco_2019	docs/compendium/dececco_2019.gold.md	1	cellular_senescence induces epigenetic_remodeling	revise	main p. 3; Fig. 2a; main p. 17; Extended Data Fig. 4c	Relationship retained with source-specific scope.
dececco_2019	docs/compendium/dececco_2019.gold.md	2	RB1 suppresses retrotransposon_derepression	revise	main p. 3; Fig. 2d–h; main p. 17; Extended Data Fig. 4g,h	Relationship retained with source-specific scope.
dececco_2019	docs/compendium/dececco_2019.gold.md	3	FOXA1 drives retrotransposon_derepression	revise	main p. 3; Fig. 2d–h; main p. 17; Extended Data Fig. 4g,h	Relationship retained with source-specific scope.
dececco_2019	docs/compendium/dececco_2019.gold.md	4	TREX1 suppresses retrotransposon_derepression	revise	main p. 3; Fig. 2d–h; main p. 17; Extended Data Fig. 4g,h	Relationship retained with source-specific scope.
dececco_2019	docs/compendium/dececco_2019.gold.md	5	retrotransposon_derepression produces cytoplasmic_retroelement_cDNA	revise	main p. 4; Fig. 3a,c; main p. 21; Extended Data Fig. 6a–e	Relationship retained with source-specific scope.
dececco_2019	docs/compendium/dececco_2019.gold.md	6	cytoplasmic_retroelement_cDNA activates CGAS	revise	main p. 19; Extended Data Fig. 5l; main p. 22; Extended Data Fig. 7c–e	Relationship retained with source-specific scope.
dececco_2019	docs/compendium/dececco_2019.gold.md	7	CGAS produces cGAMP	revise	main p. 4; Results and canonical cGAS-STING interpretation	Relationship retained with source-specific scope.
dececco_2019	docs/compendium/dececco_2019.gold.md	8	cGAMP activates STING1	revise	main p. 4; Results and canonical cGAS-STING interpretation	Relationship retained with source-specific scope.
dececco_2019	docs/compendium/dececco_2019.gold.md	9	STING1 drives type_I_IFN	revise	main p. 22; Extended Data Fig. 7c,d	Relationship retained with source-specific scope.
dececco_2019	docs/compendium/dececco_2019.gold.md	10	type_I_IFN activates JAK-STAT	revise	main p. 4; Fig. 3b,d	Relationship retained with source-specific scope.
dececco_2019	docs/compendium/dececco_2019.gold.md	11	JAK-STAT drives SASP	revise	main p. 4; Fig. 3d	Relationship retained with source-specific scope.
dececco_2019	docs/compendium/dececco_2019.gold.md	12	retrotransposon_derepression required_for type_I_IFN	revise	main p. 22; Extended Data Fig. 7f,g; main p. 25; Extended Data Fig. 9d	Relationship retained with source-specific scope.
dececco_2019	docs/compendium/dececco_2019.gold.md	13	STING1 upregulates IL6	revise	main p. 22; Extended Data Fig. 7e	Collapse marker readouts into one STING-dependent SASP program claim; individual markers are not separately established mediators.
dececco_2019	docs/compendium/dececco_2019.gold.md	14	STING1 upregulates CCL2	revise	main p. 22; Extended Data Fig. 7e	Collapse marker readouts into one STING-dependent SASP program claim; individual markers are not separately established mediators.
dececco_2019	docs/compendium/dececco_2019.gold.md	15	STING1 upregulates MMP3	revise	main p. 22; Extended Data Fig. 7e	Collapse marker readouts into one STING-dependent SASP program claim; individual markers are not separately established mediators.
dececco_2019	docs/compendium/dececco_2019.gold.md	16	JAK-STAT upregulates IL6	remove	main p. 4; Fig. 3d; main p. 22; Extended Data Fig. 7b	Receptor loss is not a JAK intervention; the tested IFN-to-SASP effect is retained once with marker details in context.
dececco_2019	docs/compendium/dececco_2019.gold.md	17	JAK-STAT upregulates CCL2	remove	main p. 4; Fig. 3d; main p. 22; Extended Data Fig. 7b	Receptor loss is not a JAK intervention; the tested IFN-to-SASP effect is retained once with marker details in context.
dececco_2019	docs/compendium/dececco_2019.gold.md	18	JAK-STAT upregulates MMP3	remove	main p. 4; Fig. 3d; main p. 22; Extended Data Fig. 7b	Receptor loss is not a JAK intervention; the tested IFN-to-SASP effect is retained once with marker details in context.
dececco_2019	docs/compendium/dececco_2019.gold.md	19	cellular_senescence induces retrotransposon_derepression	revise	main p. 5; Fig. 4a,b,d; main p. 24; Extended Data Fig. 8	Relationship retained with source-specific scope.
dececco_2019	docs/compendium/dececco_2019.gold.md	20	retrotransposon_derepression drives type_I_IFN	remove	main p. 5; Fig. 4c; main p. 25; Extended Data Fig. 9	Mouse reverse-transcriptase inhibitor effects do not demonstrate transcriptional derepression causing IFN; use the distinct reverse-transcription claim.
dececco_2019	docs/compendium/dececco_2019.gold.md	21	SASP drives immune_cell_recruitment	revise	main p. 5; Fig. 4e; main p. 27; Extended Data Fig. 10a–d	Relationship retained with source-specific scope.
dececco_2019	docs/compendium/dececco_2019.gold.md	22	immune_cell_recruitment drives tissue_inflammation	remove	main p. 5; Fig. 4e	Immune infiltration and inflammatory markers are not independently manipulated to establish their causal ordering.
dececco_2019	docs/compendium/dececco_2019.gold.md	23	cellular_senescence does_not_correlate RBL1	revise	main p. 17; Extended Data Fig. 4b	Relationship retained with source-specific scope.
dececco_2019	docs/compendium/dececco_2019.gold.md	24	type_I_IFN does_not_drive IL1B	revise	main p. 4; Fig. 3d,f	Relationship retained with source-specific scope.
dececco_2019	docs/compendium/dececco_2019.gold.md	25	retrotransposon_derepression drives type_I_IFN	remove	main p. 4; Fig. 3b; main p. 22; Extended Data Fig. 7	Anti-edge rules conflate a missing intermediary with a false experimental net effect; remove blanket prohibitions.
dececco_2019	docs/compendium/dececco_2019.gold.md	26	cytoplasmic_retroelement_cDNA drives type_I_IFN	remove	main p. 4; Fig. 3b; main p. 22; Extended Data Fig. 7	Anti-edge rules conflate a missing intermediary with a false experimental net effect; remove blanket prohibitions.
dou_2017	docs/compendium/dou_2017.gold.md	1	cellular_senescence downregulates LMNB1	revise	main p. 2; Fig. 1c	Relationship retained with source-specific scope.
dou_2017	docs/compendium/dou_2017.gold.md	2	LMNB1 suppresses cytoplasmic_chromatin_fragments	revise	main p. 12; Extended Data Fig. 4e–h; main p. 16; Extended Data Fig. 8f,g	Relationship retained with source-specific scope.
dou_2017	docs/compendium/dou_2017.gold.md	3	cytoplasmic_chromatin_fragments binds_recruits CGAS	revise	main p. 2; Fig. 1a; main p. 12; Extended Data Fig. 4i–k	Relationship retained with source-specific scope.
dou_2017	docs/compendium/dou_2017.gold.md	4	CGAS produces cGAMP	revise	main p. 2; Fig. 1b; main p. 9; Extended Data Fig. 1g	Relationship retained with source-specific scope.
dou_2017	docs/compendium/dou_2017.gold.md	5	cGAMP activates STING1	revise	main p. 1; Introduction	Relationship retained with source-specific scope.
dou_2017	docs/compendium/dou_2017.gold.md	6	STING1 activates RELA	revise	main p. 2; Fig. 2g; main p. 12; Extended Data Fig. 4c,d	Relationship retained with source-specific scope.
dou_2017	docs/compendium/dou_2017.gold.md	7	RELA drives SASP	revise	main p. 1; Introduction; main p. 2; Results	Relationship retained with source-specific scope.
dou_2017	docs/compendium/dou_2017.gold.md	8	SASP drives immune_cell_recruitment	revise	main p. 2; Fig. 2f; main p. 3; Fig. 3e,f	Relationship retained with source-specific scope.
dou_2017	docs/compendium/dou_2017.gold.md	9	STING1 required_for immunosurveillance	revise	main p. 3; Fig. 3e,g; main p. 15; Extended Data Fig. 7	Relationship retained with source-specific scope.
dou_2017	docs/compendium/dou_2017.gold.md	10	immunosurveillance suppresses tumorigenesis	revise	main p. 3; Fig. 3h; main p. 14; Extended Data Fig. 6g	Relationship retained with source-specific scope.
dou_2017	docs/compendium/dou_2017.gold.md	11	oncogenic_RAS induces cellular_senescence	revise	main p. 2; Fig. 1a,c; main p. 3; Fig. 3c–e	Relationship retained with source-specific scope.
dou_2017	docs/compendium/dou_2017.gold.md	12	DNA_damage induces cellular_senescence	revise	main p. 2; Fig. 2; main p. 13; Extended Data Fig. 5	Relationship retained with source-specific scope.
dou_2017	docs/compendium/dou_2017.gold.md	13	replicative_exhaustion induces cellular_senescence	revise	main p. 1; Results; main p. 9; Extended Data Fig. 1b	Relationship retained with source-specific scope.
dou_2017	docs/compendium/dou_2017.gold.md	14	cellular_senescence activates p38_MAPK	revise	main p. 10; Extended Data Fig. 2f	Relationship retained with source-specific scope.
dou_2017	docs/compendium/dou_2017.gold.md	15	p38_MAPK suppresses IFNB1	revise	main p. 10; Extended Data Fig. 2f	Relationship retained with source-specific scope.
dou_2017	docs/compendium/dou_2017.gold.md	16	SASP induces IL1A	revise	main p. 2; Fig. 1c; main p. 10; Extended Data Fig. 2g,h	Relationship retained with source-specific scope.
dou_2017	docs/compendium/dou_2017.gold.md	17	IL1A suppresses IFNB1	revise	main p. 10; Extended Data Fig. 2g,h	Relationship retained with source-specific scope.
dou_2017	docs/compendium/dou_2017.gold.md	18	senescence_evasion retains cytoplasmic_chromatin_fragments	revise	main p. 4; Fig. 4c–f; main p. 16; Extended Data Fig. 8	Relationship retained with source-specific scope.
dou_2017	docs/compendium/dou_2017.gold.md	19	STING1 correlates SASP	revise	main p. 4; Fig. 4g; main p. 17; Extended Data Fig. 9a–c	Relationship retained with source-specific scope.
dou_2017	docs/compendium/dou_2017.gold.md	20	CGAS correlates SASP	revise	main p. 4; Fig. 4g; main p. 17; Extended Data Fig. 9a–c	Relationship retained with source-specific scope.
dou_2017	docs/compendium/dou_2017.gold.md	21	LMNB1 negatively_correlates SASP	revise	main p. 4; Fig. 4g; main p. 17; Extended Data Fig. 9a–c	Relationship retained with source-specific scope.
dou_2017	docs/compendium/dou_2017.gold.md	22	MAVS does_not_correlate SASP	remove	main p. 17; Extended Data Fig. 9d, visually inspected	The displayed MAVS comparison is mixed: IL1A, IL1B and SERPINB2 have significant positive differences, while several other markers are NS. A blanket no-SASP-association edge is not supported; retain the heterogeneity in notes.
dou_2017	docs/compendium/dou_2017.gold.md	23	IFI16 does_not_drive SASP	revise	main p. 11; Extended Data Fig. 3j,k	Relationship retained with source-specific scope.
dou_2017	docs/compendium/dou_2017.gold.md	24	CGAS drives SASP	remove	main p. 2; Fig. 2; main p. 12; Extended Data Fig. 4i–k	Blanket shortcut bans incorrectly forbid measured net effects. Do not publish anti-edges as claims or use endpoint-only prohibitions.
dou_2017	docs/compendium/dou_2017.gold.md	25	cytoplasmic_chromatin_fragments drives SASP	remove	main p. 2; Fig. 2; main p. 12; Extended Data Fig. 4i–k	Blanket shortcut bans incorrectly forbid measured net effects. Do not publish anti-edges as claims or use endpoint-only prohibitions.
gulen_2023	docs/compendium/gulen_2023.md	1	cellular_senescence induces mitochondrial_dysfunction	revise	main p. 4; Fig. 3c–e	Age comparison, not a selective senescence intervention.
gulen_2023	docs/compendium/gulen_2023.md	2	mitochondrial_dysfunction drives VDAC_oligomerization	remove	main p. 4; Fig. 3	Mitochondrial dysfunction was not isolated as an upstream cause of VDAC oligomerization.
gulen_2023	docs/compendium/gulen_2023.md	3	VDAC_oligomerization forms_pore_for cytoplasmic_mtDNA	revise	main p. 4; Fig. 3f	VBIT-4 tests inflammatory dependence, not transport through a directly observed pore.
gulen_2023	docs/compendium/gulen_2023.md	4	cytoplasmic_mtDNA activates CGAS	revise	main p. 4; Fig. 3a,b; main p. 20; Extended Data Fig. 7f,h–j	Relationship retained with source-specific scope.
gulen_2023	docs/compendium/gulen_2023.md	5	CGAS produces cGAMP	revise	main p. 3; Fig. 2e; main p. 21; Extended Data Fig. 8b–d	Relationship retained with source-specific scope.
gulen_2023	docs/compendium/gulen_2023.md	6	cGAMP activates STING1	revise	main p. 1; Introduction	Relationship retained with source-specific scope.
gulen_2023	docs/compendium/gulen_2023.md	7	STING1 activates TBK1	revise	main p. 3; Fig. 2d	Relationship retained with source-specific scope.
gulen_2023	docs/compendium/gulen_2023.md	8	TBK1 activates IRF3	revise	main p. 1; Introduction	Relationship retained with source-specific scope.
gulen_2023	docs/compendium/gulen_2023.md	9	IRF3 drives type_I_IFN	revise	main p. 1; Introduction	Relationship retained with source-specific scope.
gulen_2023	docs/compendium/gulen_2023.md	10	STING1 drives NF-kB	revise	main p. 1; Introduction	Relationship retained with source-specific scope.
gulen_2023	docs/compendium/gulen_2023.md	11	STING1 drives SASP	revise	main p. 2; Fig. 1a,b; main p. 15; Extended Data Fig. 2	Relationship retained with source-specific scope.
gulen_2023	docs/compendium/gulen_2023.md	12	STING1 drives tissue_inflammation	revise	main p. 2; Fig. 1d,e; main p. 17; Extended Data Fig. 4c–f	Relationship retained with source-specific scope.
gulen_2023	docs/compendium/gulen_2023.md	13	STING1 drives microglial_activation	revise	main p. 3; Fig. 2a,b	Relationship retained with source-specific scope.
gulen_2023	docs/compendium/gulen_2023.md	14	microglial_activation drives neurodegeneration	remove	main p. 3; Fig. 2; main p. 5; Fig. 4h–k	Microglial activation, neuron loss, and cognition change after upstream interventions; that does not establish serial mediation among them. Retain tested upstream effects separately.
gulen_2023	docs/compendium/gulen_2023.md	15	neurodegeneration drives cognitive_decline	remove	main p. 3; Fig. 2; main p. 5; Fig. 4h–k	Microglial activation, neuron loss, and cognition change after upstream interventions; that does not establish serial mediation among them. Retain tested upstream effects separately.
gulen_2023	docs/compendium/gulen_2023.md	16	CGAS drives microglial_activation	revise	main p. 5; Fig. 4b–g	Relationship retained with source-specific scope.
gulen_2023	docs/compendium/gulen_2023.md	17	CGAS drives DAM_microglial_state	revise	main p. 5; Fig. 4b–g	Retain DAM transcriptional-program changes, not significant DAM-cluster expansion; Fig. 4e,f and non-significant proportions in Fig. 4g distinguish these.
gulen_2023	docs/compendium/gulen_2023.md	18	CGAS drives IFN_MG_microglial_state	revise	main p. 5; Fig. 4b–g	Relationship retained with source-specific scope.
gulen_2023	docs/compendium/gulen_2023.md	19	CGAS drives ND_MG_microglial_state	remove	main p. 5; Fig. 4g	ND/NG-MG cluster expansion is not significant (Fig. 4g, P=0.1170); do not score expansion as a core causal finding.
gulen_2023	docs/compendium/gulen_2023.md	20	CGAS upregulates TNF	revise	main p. 5; Fig. 4d	Relationship retained with source-specific scope.
gulen_2023	docs/compendium/gulen_2023.md	21	TNF drives hippocampal_neuron_loss	revise	main p. 5; Fig. 4j,k	Relationship retained with source-specific scope.
gulen_2023	docs/compendium/gulen_2023.md	22	hippocampal_neuron_loss drives cognitive_decline	remove	main p. 3; Fig. 2; main p. 5; Fig. 4h–k	Microglial activation, neuron loss, and cognition change after upstream interventions; that does not establish serial mediation among them. Retain tested upstream effects separately.
gulen_2023	docs/compendium/gulen_2023.md	23	type_I_IFN does_not_drive hippocampal_neuron_loss	revise	main p. 5; Fig. 4j,k	Restrict the negative to cGAS-R241E co-culture (Fig. 4j); aged-microglia co-culture has significant partial IFNAR-blockade rescue (Fig. 4k), retained as a separate context-specific positive.
jiang_2023	docs/compendium/jiang_2023.gold.md	1	RPSA binds_recruits viral_nucleic_acids	revise	main p. 3; Fig. 1d–m	Relationship retained with source-specific scope.
jiang_2023	docs/compendium/jiang_2023.gold.md	2	viral_nucleic_acids induces RPSA	revise	main p. 7; Fig. 4e–i	Relationship retained with source-specific scope.
jiang_2023	docs/compendium/jiang_2023.gold.md	3	RPSA binds_recruits SMARCA5	revise	main p. 7; Fig. 4a,b,j	Relationship retained with source-specific scope.
jiang_2023	docs/compendium/jiang_2023.gold.md	4	SMARCA5 activates chromatin_accessibility	revise	main p. 5; Fig. 3b–g	Accessibility is measured after RPSA perturbation, not a SMARCA5-specific accessibility perturbation.
jiang_2023	docs/compendium/jiang_2023.gold.md	5	chromatin_accessibility binds_recruits RELA	revise	main p. 8; Fig. 5c,d	Relationship retained with source-specific scope.
jiang_2023	docs/compendium/jiang_2023.gold.md	6	RELA drives proinflammatory_cytokines	revise	main p. 8; Fig. 5b	Relationship retained with source-specific scope.
jiang_2023	docs/compendium/jiang_2023.gold.md	7	RPSA required_for proinflammatory_cytokines	revise	main p. 4; Fig. 2a–d; main p. 9; Fig. 6b–l	Relationship retained with source-specific scope.
jiang_2023	docs/compendium/jiang_2023.gold.md	8	RPSA does_not_drive IFNB1	revise	main p. 4; Fig. 2a,b; main p. 8; Fig. 5g,h	Relationship retained with source-specific scope.
jiang_2023	docs/compendium/jiang_2023.gold.md	9	RPSA does_not_drive NF-kB	revise	supplement_1 p. 6; Supplementary Fig. 4a–c	Retain only the assayed upstream NF-kB activation readout, not transcriptional function.
jiang_2023	docs/compendium/jiang_2023.gold.md	10	RPSA drives proinflammatory_cytokines	remove	main p. 4; Fig. 2; main p. 8; Fig. 5; supplement_1 p. 6; Supplementary Fig. 4	Remove blanket counterexamples. RPSA has a measured net inflammatory effect; p65 activation must distinguish upstream phosphorylation from promoter recruitment.
jiang_2023	docs/compendium/jiang_2023.gold.md	11	RPSA activates RELA	remove	main p. 4; Fig. 2; main p. 8; Fig. 5; supplement_1 p. 6; Supplementary Fig. 4	Remove blanket counterexamples. RPSA has a measured net inflammatory effect; p65 activation must distinguish upstream phosphorylation from promoter recruitment.
lian_2018	docs/compendium/lian_2018.gold.md	1	ZCCHC3 binds_recruits CGAS	revise	main p. 7; Fig. 4c–f; main p. 9; Fig. 6d	Relationship retained with source-specific scope.
lian_2018	docs/compendium/lian_2018.gold.md	2	ZCCHC3 activates CGAS	revise	main p. 7; Fig. 4a,b; main p. 9; Fig. 6a–f; main p. 10; Fig. 7a–c	Relationship retained with source-specific scope.
lian_2018	docs/compendium/lian_2018.gold.md	3	CGAS produces cGAMP	revise	main p. 7; Fig. 4a	Relationship retained with source-specific scope.
lian_2018	docs/compendium/lian_2018.gold.md	4	cGAMP activates STING1	revise	main p. 1; Introduction; main p. 3; Fig. 1f	Relationship retained with source-specific scope.
lian_2018	docs/compendium/lian_2018.gold.md	5	STING1 activates TBK1	revise	main p. 1; Introduction; main p. 3; Fig. 1f	Relationship retained with source-specific scope.
lian_2018	docs/compendium/lian_2018.gold.md	6	TBK1 activates IRF3	revise	main p. 1; Introduction; main p. 3; Fig. 1f	Relationship retained with source-specific scope.
lian_2018	docs/compendium/lian_2018.gold.md	7	IRF3 induces type_I_IFN	revise	main p. 1; Introduction; main p. 3; Fig. 1f	Relationship retained with source-specific scope.
lian_2018	docs/compendium/lian_2018.gold.md	8	STING1 activates NF-kB	revise	main p. 1; Introduction; main p. 3; Fig. 1f	Relationship retained with source-specific scope.
lian_2018	docs/compendium/lian_2018.gold.md	9	ZCCHC3 does_not_drive JAK-STAT	revise	main p. 3; Fig. 1g,h	Relationship retained with source-specific scope.
lopez_polo_2024	docs/compendium/lopez_polo_2024.gold.md	1	cellular_senescence induces cytoplasmic_mt_dsRNA	revise	main p. 3; Fig. 1a–d; main p. 10; Fig. 5a–e	Relationship retained with source-specific scope.
lopez_polo_2024	docs/compendium/lopez_polo_2024.gold.md	2	POLRMT produces cytoplasmic_mt_dsRNA	revise	main p. 3; Fig. 1g,h; supplement_1 p. 5; Supplementary Fig. 3a–e	Relationship retained with source-specific scope.
lopez_polo_2024	docs/compendium/lopez_polo_2024.gold.md	3	cellular_senescence downregulates PNPT1	revise	main p. 3; Fig. 1f	Relationship retained with source-specific scope.
lopez_polo_2024	docs/compendium/lopez_polo_2024.gold.md	4	PNPT1 suppresses cytoplasmic_mt_dsRNA	revise	supplement_1 p. 1; Supplementary Fig. 1a; supplement_1 p. 2; legend	Relationship retained with source-specific scope.
lopez_polo_2024	docs/compendium/lopez_polo_2024.gold.md	5	cellular_senescence downregulates ADAR	revise	main p. 5; Fig. 2a–c; supplement_1 p. 7; Supplementary Fig. 4a–c	Relationship retained with source-specific scope.
lopez_polo_2024	docs/compendium/lopez_polo_2024.gold.md	6	ADAR suppresses cytosolic_RNA_sensing	revise	main p. 5; Fig. 2d; supplement_1 p. 7; Supplementary Fig. 4e–g	Relationship retained with source-specific scope.
lopez_polo_2024	docs/compendium/lopez_polo_2024.gold.md	7	cellular_senescence upregulates DDX58	revise	main p. 5; Fig. 2e	Relationship retained with source-specific scope.
lopez_polo_2024	docs/compendium/lopez_polo_2024.gold.md	8	cellular_senescence upregulates IFIH1	revise	main p. 5; Fig. 2e	Relationship retained with source-specific scope.
lopez_polo_2024	docs/compendium/lopez_polo_2024.gold.md	9	BAX/BAK_pore forms_pore_for cytoplasmic_mt_dsRNA	revise	main p. 5; Fig. 2f,h; supplement_1 p. 7; Supplementary Fig. 4j	Relationship retained with source-specific scope.
lopez_polo_2024	docs/compendium/lopez_polo_2024.gold.md	10	BAX/BAK_pore forms_pore_for cytoplasmic_mtDNA	remove	main p. 5; Fig. 2f,h; main p. 11; Discussion	This paper tests mtRNA release, not mtDNA release through BAX/BAK or direct mtDNA-cGAS activation; these are imported background claims.
lopez_polo_2024	docs/compendium/lopez_polo_2024.gold.md	11	cytoplasmic_mt_dsRNA activates cytosolic_RNA_sensing	revise	main p. 3; Fig. 1g–i; main p. 5; Fig. 2f–h; main p. 6; Fig. 3g–i	Relationship retained with source-specific scope.
lopez_polo_2024	docs/compendium/lopez_polo_2024.gold.md	12	cytosolic_RNA_sensing activates DDX58	revise	main p. 5; Fig. 2f,g	A pathway-process node does not activate its constituent genes. Fig. 2g independently tests each sensor against secreted output; record those dependencies.
lopez_polo_2024	docs/compendium/lopez_polo_2024.gold.md	13	cytosolic_RNA_sensing activates IFIH1	revise	main p. 5; Fig. 2f,g	A pathway-process node does not activate its constituent genes. Fig. 2g independently tests each sensor against secreted output; record those dependencies.
lopez_polo_2024	docs/compendium/lopez_polo_2024.gold.md	14	DDX58 activates MAVS	revise	main p. 2; Introduction	Relationship retained with source-specific scope.
lopez_polo_2024	docs/compendium/lopez_polo_2024.gold.md	15	IFIH1 activates MAVS	revise	main p. 2; Introduction	Relationship retained with source-specific scope.
lopez_polo_2024	docs/compendium/lopez_polo_2024.gold.md	16	MAVS drives type_I_IFN	revise	main p. 6; Fig. 3g–i	Relationship retained with source-specific scope.
lopez_polo_2024	docs/compendium/lopez_polo_2024.gold.md	17	MAVS drives SASP	revise	main p. 6; Fig. 3g–i	Relationship retained with source-specific scope.
lopez_polo_2024	docs/compendium/lopez_polo_2024.gold.md	18	cytoplasmic_mtDNA activates CGAS	remove	main p. 5; Fig. 2f,h; main p. 11; Discussion	This paper tests mtRNA release, not mtDNA release through BAX/BAK or direct mtDNA-cGAS activation; these are imported background claims.
lopez_polo_2024	docs/compendium/lopez_polo_2024.gold.md	19	CGAS activates STING1	remove	main p. 2; Introduction; main p. 5; Fig. 2f	The cGAS-to-STING shortcut is optional background and does not resolve the combined perturbation; omit from the reference core.
lopez_polo_2024	docs/compendium/lopez_polo_2024.gold.md	20	STING1 drives SASP	revise	main p. 5; Fig. 2f; supplement_1 p. 7; Supplementary Fig. 4h	Relationship retained with source-specific scope.
lopez_polo_2024	docs/compendium/lopez_polo_2024.gold.md	21	MFN1 drives cytoplasmic_mt_dsRNA	revise	main p. 8; Fig. 4e	Relationship retained with source-specific scope.
lopez_polo_2024	docs/compendium/lopez_polo_2024.gold.md	22	MFN1 drives MAVS	revise	main p. 8; Fig. 4f	Relationship retained with source-specific scope.
lopez_polo_2024	docs/compendium/lopez_polo_2024.gold.md	23	MFN1 drives SASP	revise	main p. 8; Fig. 4c,d	Relationship retained with source-specific scope.
lopez_polo_2024	docs/compendium/lopez_polo_2024.gold.md	24	MFN2 suppresses cytoplasmic_mt_dsRNA	revise	main p. 8; Fig. 4e	Relationship retained with source-specific scope.
lopez_polo_2024	docs/compendium/lopez_polo_2024.gold.md	25	MFN2 suppresses MAVS	revise	main p. 8; Fig. 4f	Relationship retained with source-specific scope.
lopez_polo_2024	docs/compendium/lopez_polo_2024.gold.md	26	MFN2 suppresses SASP	revise	main p. 8; Fig. 4c,d	Relationship retained with source-specific scope.
lopez_polo_2024	docs/compendium/lopez_polo_2024.gold.md	27	POLRMT required_for SASP	revise	main p. 3; Fig. 1h; main p. 10; Fig. 5i	Relationship retained with source-specific scope.
lopez_polo_2024	docs/compendium/lopez_polo_2024.gold.md	28	cellular_senescence does_not_drive DHX58	revise	main p. 5; Fig. 2e	Relationship retained with source-specific scope.
lopez_polo_2024	docs/compendium/lopez_polo_2024.gold.md	29	EIF2AK2 does_not_drive SASP	revise	supplement_1 p. 7; Supplementary Fig. 4i; supplement_1 p. 8; legend	Relationship retained with source-specific scope.
lopez_polo_2024	docs/compendium/lopez_polo_2024.gold.md	30	MAVS upregulates CXCL10	remove	main p. 6; Fig. 3g–i; main p. 5; Fig. 2	Representation preferences do not make a measured marker effect a false biological claim; remove blanket anti-edges from the graph.
lopez_polo_2024	docs/compendium/lopez_polo_2024.gold.md	31	cellular_senescence drives SASP	remove	main p. 6; Fig. 3g–i; main p. 5; Fig. 2	Representation preferences do not make a measured marker effect a false biological claim; remove blanket anti-edges from the graph.
ma_2021	docs/compendium/ma_2021.gold.md	1	PRMT5 binds_recruits CGAS	revise	main p. 2; Fig. 1A–F	Relationship retained with source-specific scope.
ma_2021	docs/compendium/ma_2021.gold.md	2	PRMT5 inhibits CGAS	revise	main p. 5; Fig. 3E,I,J; main p. 6; Fig. 4; main p. 8; Fig. 5	Relationship retained with source-specific scope.
ma_2021	docs/compendium/ma_2021.gold.md	3	cytosolic_dsDNA binds_recruits CGAS	revise	main p. 8; Fig. 5A–H	Relationship retained with source-specific scope.
ma_2021	docs/compendium/ma_2021.gold.md	4	CGAS produces cGAMP	revise	main p. 3; Fig. 2D	Relationship retained with source-specific scope.
ma_2021	docs/compendium/ma_2021.gold.md	5	cGAMP activates STING1	revise	main p. 1; Introduction	Relationship retained with source-specific scope.
ma_2021	docs/compendium/ma_2021.gold.md	6	STING1 activates TBK1	revise	main p. 1; Introduction	Relationship retained with source-specific scope.
ma_2021	docs/compendium/ma_2021.gold.md	7	TBK1 activates IRF3	revise	main p. 1; Introduction	Relationship retained with source-specific scope.
ma_2021	docs/compendium/ma_2021.gold.md	8	IRF3 drives type_I_IFN	revise	main p. 1; Introduction	Relationship retained with source-specific scope.
ma_2021	docs/compendium/ma_2021.gold.md	9	STING1 activates NF-kB	revise	main p. 1; Introduction	Relationship retained with source-specific scope.
ma_2021	docs/compendium/ma_2021.gold.md	10	NF-kB drives TNF	unresolved	main p. 4; Results; Supplementary Fig. S2J,K unavailable	TNF/IL6 are reported outcomes after PRMT5 perturbation, not an NF-kB-specific intervention. Inspect missing supplement for a separate scoped PRMT5-to-program claim; do not infer mediation.
ma_2021	docs/compendium/ma_2021.gold.md	11	NF-kB drives IL6	unresolved	main p. 4; Results; Supplementary Fig. S2J,K unavailable	TNF/IL6 are reported outcomes after PRMT5 perturbation, not an NF-kB-specific intervention. Inspect missing supplement for a separate scoped PRMT5-to-program claim; do not infer mediation.
ma_2021	docs/compendium/ma_2021.gold.md	12	PRMT5 does_not_drive STING1	revise	main p. 6; Fig. 4F–I	Relationship retained with source-specific scope.
ma_2021	docs/compendium/ma_2021.gold.md	13	PRMT5 suppresses type_I_IFN	remove	main p. 3; Fig. 2A–J	The forbidden net effect is actually measured; retain it as perturbation-supported, not direct biochemical IFN suppression.
mao_2024	docs/compendium/mao_2024.gold.md	1	cellular_senescence upregulates ATF3	revise	main p. 8; Fig. 4b,c	Relationship retained with source-specific scope.
mao_2024	docs/compendium/mao_2024.gold.md	2	epigenetic_remodeling induces retrotransposon_derepression	revise	main p. 7; Results on DAC; main p. 24; Extended Data Fig. 4a-c,f	Relationship retained with source-specific scope.
mao_2024	docs/compendium/mao_2024.gold.md	3	ATF3 induces retrotransposon_derepression	revise	main p. 8; Fig. 4d-f,i-k; main p. 10; Fig. 5g	Relationship retained with source-specific scope.
mao_2024	docs/compendium/mao_2024.gold.md	4	ATF3 does_not_drive type_I_IFN	remove	main p. 25; Extended Data Fig. 5c,d; main p. 8; Fig. 4h	No IFN-promoter occupancy cannot support a functional negative; ATF3 overexpression increases IFN-beta.
mao_2024	docs/compendium/mao_2024.gold.md	5	retrotransposon_derepression produces cytoplasmic_retroelement_RNA	revise	main p. 9; Results; main p. 10; Fig. 5l	Relationship retained with source-specific scope.
mao_2024	docs/compendium/mao_2024.gold.md	6	cytoplasmic_retroelement_RNA activates DDX58	remove	main p. 9; Results; main p. 10; Fig. 5k-m	Individual sensors/mediators were not perturbed. Reduced RIG-I/MDA5/MAVS abundance and TBK1/IRF3 phosphorylation after upstream shRNAs do not isolate adjacent causal steps. Replace with directly tested ATF3/SA-ERV effects.
mao_2024	docs/compendium/mao_2024.gold.md	7	cytoplasmic_retroelement_RNA activates IFIH1	remove	main p. 9; Results; main p. 10; Fig. 5k-m	Individual sensors/mediators were not perturbed. Reduced RIG-I/MDA5/MAVS abundance and TBK1/IRF3 phosphorylation after upstream shRNAs do not isolate adjacent causal steps. Replace with directly tested ATF3/SA-ERV effects.
mao_2024	docs/compendium/mao_2024.gold.md	8	DDX58 activates MAVS	remove	main p. 9; Results; main p. 10; Fig. 5k-m	Individual sensors/mediators were not perturbed. Reduced RIG-I/MDA5/MAVS abundance and TBK1/IRF3 phosphorylation after upstream shRNAs do not isolate adjacent causal steps. Replace with directly tested ATF3/SA-ERV effects.
mao_2024	docs/compendium/mao_2024.gold.md	9	IFIH1 activates MAVS	remove	main p. 9; Results; main p. 10; Fig. 5k-m	Individual sensors/mediators were not perturbed. Reduced RIG-I/MDA5/MAVS abundance and TBK1/IRF3 phosphorylation after upstream shRNAs do not isolate adjacent causal steps. Replace with directly tested ATF3/SA-ERV effects.
mao_2024	docs/compendium/mao_2024.gold.md	10	MAVS activates TBK1	remove	main p. 9; Results; main p. 10; Fig. 5k-m	Individual sensors/mediators were not perturbed. Reduced RIG-I/MDA5/MAVS abundance and TBK1/IRF3 phosphorylation after upstream shRNAs do not isolate adjacent causal steps. Replace with directly tested ATF3/SA-ERV effects.
mao_2024	docs/compendium/mao_2024.gold.md	11	TBK1 activates IRF3	remove	main p. 9; Results; main p. 10; Fig. 5k-m	Individual sensors/mediators were not perturbed. Reduced RIG-I/MDA5/MAVS abundance and TBK1/IRF3 phosphorylation after upstream shRNAs do not isolate adjacent causal steps. Replace with directly tested ATF3/SA-ERV effects.
mao_2024	docs/compendium/mao_2024.gold.md	12	IRF3 induces type_I_IFN	remove	main p. 9; Results; main p. 10; Fig. 5k-m	Individual sensors/mediators were not perturbed. Reduced RIG-I/MDA5/MAVS abundance and TBK1/IRF3 phosphorylation after upstream shRNAs do not isolate adjacent causal steps. Replace with directly tested ATF3/SA-ERV effects.
mao_2024	docs/compendium/mao_2024.gold.md	13	type_I_IFN drives SASP	remove	main p. 9; Fig. 5 legend; main p. 10; Fig. 5a,b	ATF3 was manipulated; IFN mediation of the cytokine program was not tested.
mao_2024	docs/compendium/mao_2024.gold.md	14	ATF3 induces cellular_senescence	revise	main p. 10; Fig. 5d-f,h-j	Relationship retained with source-specific scope.
mao_2024	docs/compendium/mao_2024.gold.md	15	aging correlates retrotransposon_derepression	revise	main p. 12; Fig. 6f; main p. 14; Fig. 8b,c	Relationship retained with source-specific scope.
mao_2024	docs/compendium/mao_2024.gold.md	16	aging correlates type_I_IFN	revise	main p. 14; Fig. 8e,h	Relationship retained with source-specific scope.
mao_2024	docs/compendium/mao_2024.gold.md	17	type_I_IFN drives inflammaging	remove	main p. 11; Discussion; main p. 14; Fig. 8h,i	No IFN intervention or inflammaging endpoint establishes this causal edge.
martinez_2024	docs/compendium/martinez_2024.gold.md	1	CGAS binds_recruits heterochromatin_organization	revise	main p. 10; Results; main p. 30; Fig. 7a-c	Relationship retained with source-specific scope.
martinez_2024	docs/compendium/martinez_2024.gold.md	2	CGAS suppresses epigenetic_remodeling	revise	main p. 28; Fig. 5a,e; main p. 29; Fig. 6a-d	Relationship retained with source-specific scope.
martinez_2024	docs/compendium/martinez_2024.gold.md	3	epigenetic_remodeling drives retrotransposon_derepression	remove	main p. 6; Results; main p. 7; proposed SPI1 mediation; main p. 27; Fig. 4; main p. 28; Fig. 5	CGAS perturbation changes multiple outcomes; individual downstream mediation is not tested. Replace with CGAS-to-measured-outcome effects. AIM2/inflammasome and SPI1 causal chains remain hypotheses.
martinez_2024	docs/compendium/martinez_2024.gold.md	4	retrotransposon_derepression produces cytoplasmic_retroelement_cDNA	remove	main p. 6; Results; main p. 7; proposed SPI1 mediation; main p. 27; Fig. 4; main p. 28; Fig. 5	CGAS perturbation changes multiple outcomes; individual downstream mediation is not tested. Replace with CGAS-to-measured-outcome effects. AIM2/inflammasome and SPI1 causal chains remain hypotheses.
martinez_2024	docs/compendium/martinez_2024.gold.md	5	epigenetic_remodeling upregulates SPI1	remove	main p. 6; Results; main p. 7; proposed SPI1 mediation; main p. 27; Fig. 4; main p. 28; Fig. 5	CGAS perturbation changes multiple outcomes; individual downstream mediation is not tested. Replace with CGAS-to-measured-outcome effects. AIM2/inflammasome and SPI1 causal chains remain hypotheses.
martinez_2024	docs/compendium/martinez_2024.gold.md	6	SPI1 drives tissue_inflammation	remove	main p. 6; Results; main p. 7; proposed SPI1 mediation; main p. 27; Fig. 4; main p. 28; Fig. 5	CGAS perturbation changes multiple outcomes; individual downstream mediation is not tested. Replace with CGAS-to-measured-outcome effects. AIM2/inflammasome and SPI1 causal chains remain hypotheses.
martinez_2024	docs/compendium/martinez_2024.gold.md	7	cytoplasmic_retroelement_cDNA activates AIM2	remove	main p. 6; Results; main p. 7; proposed SPI1 mediation; main p. 27; Fig. 4; main p. 28; Fig. 5	CGAS perturbation changes multiple outcomes; individual downstream mediation is not tested. Replace with CGAS-to-measured-outcome effects. AIM2/inflammasome and SPI1 causal chains remain hypotheses.
martinez_2024	docs/compendium/martinez_2024.gold.md	8	AIM2 drives inflammasome_activation	remove	main p. 6; Results; main p. 7; proposed SPI1 mediation; main p. 27; Fig. 4; main p. 28; Fig. 5	CGAS perturbation changes multiple outcomes; individual downstream mediation is not tested. Replace with CGAS-to-measured-outcome effects. AIM2/inflammasome and SPI1 causal chains remain hypotheses.
martinez_2024	docs/compendium/martinez_2024.gold.md	9	inflammasome_activation drives tissue_inflammation	remove	main p. 6; Results; main p. 7; proposed SPI1 mediation; main p. 27; Fig. 4; main p. 28; Fig. 5	CGAS perturbation changes multiple outcomes; individual downstream mediation is not tested. Replace with CGAS-to-measured-outcome effects. AIM2/inflammasome and SPI1 causal chains remain hypotheses.
martinez_2024	docs/compendium/martinez_2024.gold.md	10	cytoplasmic_retroelement_cDNA induces DNA_damage	remove	main p. 6; Results; main p. 7; proposed SPI1 mediation; main p. 27; Fig. 4; main p. 28; Fig. 5	CGAS perturbation changes multiple outcomes; individual downstream mediation is not tested. Replace with CGAS-to-measured-outcome effects. AIM2/inflammasome and SPI1 causal chains remain hypotheses.
martinez_2024	docs/compendium/martinez_2024.gold.md	11	tissue_inflammation drives fibrosis	remove	main p. 6; Results; main p. 7; proposed SPI1 mediation; main p. 27; Fig. 4; main p. 28; Fig. 5	CGAS perturbation changes multiple outcomes; individual downstream mediation is not tested. Replace with CGAS-to-measured-outcome effects. AIM2/inflammasome and SPI1 causal chains remain hypotheses.
martinez_2024	docs/compendium/martinez_2024.gold.md	12	tissue_inflammation drives accelerated_aging	remove	main p. 6; Results; main p. 7; proposed SPI1 mediation; main p. 27; Fig. 4; main p. 28; Fig. 5	CGAS perturbation changes multiple outcomes; individual downstream mediation is not tested. Replace with CGAS-to-measured-outcome effects. AIM2/inflammasome and SPI1 causal chains remain hypotheses.
martinez_2024	docs/compendium/martinez_2024.gold.md	13	STING1 does_not_drive retrotransposon_derepression	remove	supplement_1 p. 5; Supplementary Fig. 4	STING loss fails to reproduce the L1 elevation of cGAS loss and lowers lung L1. This resolves the nuclear-cGAS specificity control, but does not justify the positive-driver negative does_not_drive; retain the result in notes, outside scoring.
qin_2024	docs/compendium/qin_2024.gold.md	1	CGAS produces cGAMP	revise	main p. 1; Introduction	Relationship retained with source-specific scope.
qin_2024	docs/compendium/qin_2024.gold.md	2	cGAMP activates STING1	revise	main p. 3; Fig. 1c; main p. 6; Fig. 4a	Relationship retained with source-specific scope.
qin_2024	docs/compendium/qin_2024.gold.md	3	ZC3HAV1 binds_recruits STING1	revise	main p. 5; Fig. 3b–f	Relationship retained with source-specific scope.
qin_2024	docs/compendium/qin_2024.gold.md	4	ZC3HAV1 activates STING1	revise	main p. 5; Fig. 3g–j; main p. 6; Fig. 4a–g	Relationship retained with source-specific scope.
qin_2024	docs/compendium/qin_2024.gold.md	5	STING1 activates TBK1	revise	main p. 1; Introduction	Relationship retained with source-specific scope.
qin_2024	docs/compendium/qin_2024.gold.md	6	TBK1 activates IRF3	revise	main p. 1; Introduction	Relationship retained with source-specific scope.
qin_2024	docs/compendium/qin_2024.gold.md	7	IRF3 induces type_I_IFN	revise	main p. 1; Introduction	Relationship retained with source-specific scope.
qin_2024	docs/compendium/qin_2024.gold.md	8	STING1 activates NF-kB	revise	main p. 1; Introduction	Relationship retained with source-specific scope.
qin_2024	docs/compendium/qin_2024.gold.md	9	NF-kB drives tissue_inflammation	revise	main p. 3; Fig. 1g–j; main p. 7; Fig. 5c–g	Relationship retained with source-specific scope.
qin_2024	docs/compendium/qin_2024.gold.md	10	ZC3HAV1 does_not_drive cGAMP	revise	main p. 5; Fig. 3a	Relationship retained with source-specific scope.
qin_2024	docs/compendium/qin_2024.gold.md	11	ZC3HAV1 suppresses RIG-I/MDA5-MAVS	revise	main p. 4; Fig. 2a–g	Relationship retained with source-specific scope.
qin_2024	docs/compendium/qin_2024.gold.md	12	ZC3HAV1 does_not_drive TLR9	revise	main p. 4; Fig. 2h–m	Relationship retained with source-specific scope.
sprenger_2021	docs/compendium/sprenger_2021.gold.md	1	YME1L1 inhibits SLC25A33	revise	main p. 5; Fig. 3b	Relationship retained with source-specific scope.
sprenger_2021	docs/compendium/sprenger_2021.gold.md	2	SLC25A33 drives mtDNA_release	revise	main p. 5; Fig. 3c-i; main p. 6; Fig. 4b,c	Relationship retained with source-specific scope.
sprenger_2021	docs/compendium/sprenger_2021.gold.md	3	mtDNA_release produces cytosolic_dsDNA	remove	main p. 4; Fig. 2c	Release-process-to-generic-DNA edge duplicates the measured cytosolic mtDNA outcome; use the mitochondrial ligand directly.
sprenger_2021	docs/compendium/sprenger_2021.gold.md	4	cytosolic_dsDNA binds_recruits CGAS	revise	main p. 2; Results; main p. 3; Fig. 1g; main p. 4; Fig. 2b,c	Relationship retained with source-specific scope.
sprenger_2021	docs/compendium/sprenger_2021.gold.md	5	CGAS produces cGAMP	revise	main p. 1; pathway background; main p. 3; Fig. 1g	Relationship retained with source-specific scope.
sprenger_2021	docs/compendium/sprenger_2021.gold.md	6	cGAMP activates STING1	revise	main p. 1; pathway background; main p. 3; Fig. 1g	Relationship retained with source-specific scope.
sprenger_2021	docs/compendium/sprenger_2021.gold.md	7	STING1 activates TBK1	revise	main p. 1; pathway background; main p. 3; Fig. 1g	Relationship retained with source-specific scope.
sprenger_2021	docs/compendium/sprenger_2021.gold.md	8	TBK1 drives type_I_IFN	revise	main p. 3; Fig. 1g	Relationship retained with source-specific scope.
sprenger_2021	docs/compendium/sprenger_2021.gold.md	9	YME1L1 required_for pyrimidine_metabolism	revise	main p. 7; Fig. 5a-d	Relationship retained with source-specific scope.
sprenger_2021	docs/compendium/sprenger_2021.gold.md	10	pyrimidine_metabolism drives type_I_IFN	revise	main p. 8; Fig. 6d,e; main p. 9; Results	Relationship retained with source-specific scope.
sprenger_2021	docs/compendium/sprenger_2021.gold.md	11	mitochondrial_fragmentation does_not_drive type_I_IFN	revise	main p. 19; Extended Data Fig. 3a	Relationship retained with source-specific scope.
sprenger_2021	docs/compendium/sprenger_2021.gold.md	12	BAX_BAK_pore does_not_drive type_I_IFN	revise	main p. 19; Extended Data Fig. 3b	Relationship retained with source-specific scope.
sprenger_2021	docs/compendium/sprenger_2021.gold.md	13	RNA_sensing does_not_drive type_I_IFN	revise	main p. 16; Extended Data Fig. 1g,h	Separate receptor/adaptor perturbations are distinct negative controls; do not collapse them into one interchangeable recall unit.
sprenger_2021	docs/compendium/sprenger_2021.gold.md	14	YME1L1 activates CGAS	remove	main p. 2; Results; main p. 3; Fig. 1g	Evaluation-only anti-edge never belongs in asserted graph; direct tested net effects are assessed by their sign, scope and evidence, not a blanket shortcut ban.
tyshkovskiy_2026	docs/compendium/tyshkovskiy_2026.gold.md	1	CDKN1A correlates mortality	revise	main p. 12; Fig. 5h; main p. 13; Results	Relationship retained with source-specific scope.
tyshkovskiy_2026	docs/compendium/tyshkovskiy_2026.gold.md	2	LGALS3 correlates mortality	revise	main p. 12; Fig. 5h; main p. 13; Results	Relationship retained with source-specific scope.
tyshkovskiy_2026	docs/compendium/tyshkovskiy_2026.gold.md	3	GPNMB correlates mortality	revise	main p. 12; Fig. 5h; main p. 13; Results	Relationship retained with source-specific scope.
tyshkovskiy_2026	docs/compendium/tyshkovskiy_2026.gold.md	4	IGF1 negatively_correlates mortality	remove	main p. 5; Results; main p. 31; Extended Data Fig. 1	IGF1 association with maximum lifespan is not the negative mortality edge in the reference. Do not repair by mechanically flipping a mortality sign.
tyshkovskiy_2026	docs/compendium/tyshkovskiy_2026.gold.md	5	type_I_IFN correlates mortality	remove	main p. 9; Results; main p. 12; Fig. 5e,f; main p. 13; Results	Molecular modules/proxies and predictions are not interchangeable with type-I IFN, cellular senescence or tissue inflammation as biological endpoints. Preserve module-level resource findings in metadata, outside mechanistic recall.
tyshkovskiy_2026	docs/compendium/tyshkovskiy_2026.gold.md	6	cellular_senescence correlates mortality	remove	main p. 9; Results; main p. 12; Fig. 5e,f; main p. 13; Results	Molecular modules/proxies and predictions are not interchangeable with type-I IFN, cellular senescence or tissue inflammation as biological endpoints. Preserve module-level resource findings in metadata, outside mechanistic recall.
tyshkovskiy_2026	docs/compendium/tyshkovskiy_2026.gold.md	7	tissue_inflammation correlates mortality	remove	main p. 9; Results; main p. 12; Fig. 5e,f; main p. 13; Results	Molecular modules/proxies and predictions are not interchangeable with type-I IFN, cellular senescence or tissue inflammation as biological endpoints. Preserve module-level resource findings in metadata, outside mechanistic recall.
tyshkovskiy_2026	docs/compendium/tyshkovskiy_2026.gold.md	8	heterochronic_parabiosis negatively_correlates mortality	remove	main p. 13; Fig. 6 legend; main p. 14; Fig. 6	Parabiosis and embryogenesis comparisons assess transcriptomic-clock predictions, not deaths caused or prevented by these interventions in this analysis.
tyshkovskiy_2026	docs/compendium/tyshkovskiy_2026.gold.md	9	early_embryogenesis negatively_correlates mortality	remove	main p. 13; Fig. 6 legend; main p. 14; Fig. 6	Parabiosis and embryogenesis comparisons assess transcriptomic-clock predictions, not deaths caused or prevented by these interventions in this analysis.
tyshkovskiy_2026	docs/compendium/tyshkovskiy_2026.gold.md	10	type_I_IFN does_not_drive mortality	remove	main p. 9; Results on Klotho knockout	Already flagged placeholder; no experiment supports a universal IFN-to-mortality negative.
wang_2019	docs/compendium/wang_2019.gold.md	1	HNRNPA2B1 binds_recruits viral_nucleic_acids	revise	main p. 3; Fig. 1A–C	Relationship retained with source-specific scope.
wang_2019	docs/compendium/wang_2019.gold.md	2	viral_nucleic_acids induces HNRNPA2B1	revise	main p. 5; Fig. 3A–F	Relationship retained with source-specific scope.
wang_2019	docs/compendium/wang_2019.gold.md	3	JMJD6 activates HNRNPA2B1	revise	main p. 6; Fig. 4; main p. 7; Fig. 5A–I	Relationship retained with source-specific scope.
wang_2019	docs/compendium/wang_2019.gold.md	4	HNRNPA2B1 binds_recruits SRC	revise	main p. 4; Fig. 2C	Relationship retained with source-specific scope.
wang_2019	docs/compendium/wang_2019.gold.md	5	SRC activates TBK1	unresolved	main p. 4; Results; Supplementary Fig. S8E–I unavailable	SRC inhibitor/kinase coupling is described in the main Results but decisive separate panels are unavailable; do not score a SRC-to-TBK1 causal claim without checking them.
wang_2019	docs/compendium/wang_2019.gold.md	6	TBK1 activates IRF3	revise	main p. 3; Results; main p. 4; Fig. 2B	Relationship retained with source-specific scope.
wang_2019	docs/compendium/wang_2019.gold.md	7	IRF3 drives type_I_IFN	revise	main p. 2; Introduction	Relationship retained with source-specific scope.
wang_2019	docs/compendium/wang_2019.gold.md	8	STING1 required_for type_I_IFN	unresolved	main p. 4; Results; Supplementary Fig. S8A–D unavailable	The main Results reports STING association and knockout dependence, but these decisive supporting panels are outside the supplied PDF.
wang_2019	docs/compendium/wang_2019.gold.md	9	HNRNPA2B1 upregulates CGAS	revise	main p. 8; Fig. 6D; main p. 9; Fig. 7A–C,F	Relationship retained with source-specific scope.
wang_2019	docs/compendium/wang_2019.gold.md	10	HNRNPA2B1 upregulates IFI16	revise	main p. 8; Fig. 6D; main p. 9; Fig. 7A–C,F	Relationship retained with source-specific scope.
wang_2019	docs/compendium/wang_2019.gold.md	11	HNRNPA2B1 upregulates STING1	revise	main p. 8; Fig. 6D; main p. 9; Fig. 7A–C,F	Relationship retained with source-specific scope.
wang_2019	docs/compendium/wang_2019.gold.md	12	FTO suppresses type_I_IFN	revise	main p. 9; Fig. 7D,E	Relationship retained with source-specific scope.
wang_2019	docs/compendium/wang_2019.gold.md	13	HNRNPA2B1 does_not_drive IL6	unresolved	main p. 2; Results; main p. 3; Results; Supplementary Figs. S2–S4 unavailable	Reported IL6/TNF specificity negatives need their separate panels checked; main Fig. 2B p65 readout supports a narrower signaling control instead.
wang_2019	docs/compendium/wang_2019.gold.md	14	HNRNPA2B1 does_not_drive TNF	unresolved	main p. 2; Results; main p. 3; Results; Supplementary Figs. S2–S4 unavailable	Reported IL6/TNF specificity negatives need their separate panels checked; main Fig. 2B p65 readout supports a narrower signaling control instead.
wang_2019	docs/compendium/wang_2019.gold.md	15	HNRNPA2B1 drives type_I_IFN	remove	main p. 3; Fig. 1E,F; main p. 8; Fig. 6A–D	HNRNPA2B1-to-IFN is directly tested as a net effect and should not be forbidden. CGAS abundance amplification is distinct from molecular CGAS activation.
wang_2019	docs/compendium/wang_2019.gold.md	16	HNRNPA2B1 activates CGAS	remove	main p. 3; Fig. 1E,F; main p. 8; Fig. 6A–D	HNRNPA2B1-to-IFN is directly tested as a net effect and should not be forbidden. CGAS abundance amplification is distinct from molecular CGAS activation.
