gene_symbol	module_id	module_class	sensor_family	activation_tier	scoring_direction	cell_type_breadth	detectability	also_in_module	doi	aliases	sensor	panel_source	depmap_essentiality	shet_post_mean	shet_post_lower_95	shet_post_upper_95
AIM2	NASP_DNA_SENSING	dna_sensing_core	ALR	Early	positive	Immune-enriched	low		10.1038/ni.1702		dna_sensor		not_common_essential	0.0018237	0.000355671	0.00469457
CGAS	NASP_DNA_SENSING	dna_sensing_core	cGAS-STING	Early	positive	Broad	low		10.1126/science.1229963	MB21D1	dna_sensor		not_common_essential	0.00114308	0.000111287	0.00362328
DDX41	NASP_DNA_SENSING	dna_sensing_core	cGAS-STING	Early	positive	Immune-enriched	low		10.1038/ni.2091		dna_sensor; rna_sensor		common_essential	0.0202501	0.0114355	0.0308882
DHX36	NASP_DNA_SENSING	dna_sensing_core	Multi	Early	positive	Immune-enriched	medium	NASP_RNA_SENSING	10.1038/s41467-019-10432-5		dna_sensor; rna_sensor		common_essential	0.0634367	0.041011	0.0922737
DHX9	NASP_DNA_SENSING	dna_sensing_core	RLR	Early	positive	Immune-enriched	medium		10.4049/jimmunol.1101307		dna_sensor; rna_sensor		common_essential	0.484762	0.188918	0.858618
HNRNPA2B1	NASP_DNA_SENSING	dna_sensing_core		Early	positive	Broad	high		10.1126/science.aav0758		dna_sensor; rna_sensor		not_common_essential	0.341931	0.087894	0.758554
IFI16	NASP_DNA_SENSING	dna_sensing_alr	ALR	Early	positive	Broad	high	INFLAMMASOME	10.1038/ni.1932		dna_sensor		not_common_essential	0.00360891	0.000111916	0.0145265
JMJD6	NASP_DNA_SENSING	sensing_checkpoint	cGAS-STING	Active	positive	Broad	medium		10.1126/science.aav0758				not_common_essential	0.0720297	0.0391374	0.118202
KAT5	NASP_DNA_SENSING	sensing_checkpoint	cGAS-STING	Early	positive	Broad	low		10.1073/pnas.1922330117				common_essential	0.0576618	0.0290532	0.100058
LMNB1	NASP_DNA_SENSING	dna_sensing_ccf	cGAS-STING	Early	inverse	Broad	medium	SENESCENCE	10.1038/nature24050				not_common_essential	0.0803557	0.0355015	0.152751
LRRFIP1	NASP_DNA_SENSING	dna_sensing_core	cGAS-STING	Early	positive	Broad	high		10.1038/ni.1876		dna_sensor; rna_sensor		not_common_essential	0.0151172	0.00422464	0.0277294
LSM14A	NASP_DNA_SENSING	dna_sensing_cosensor		Early	positive	Broad	high		10.1073/pnas.1203405109	RAPS5			not_common_essential	0.0634569	0.0275759	0.121276
MNDA	NASP_DNA_SENSING	dna_sensing_alr	ALR	Active	positive	Immune-enriched	high		10.3389/fimmu.2024.1395035				not_common_essential	0.00122576	6.95649e-05	0.00451911
MRE11	NASP_DNA_SENSING	dna_sensing_core	cGAS-STING	Early	positive	Broad	low		10.1073/pnas.1222694110	MRE11A	dna_damage_sensor		common_essential	0.00364374	0.0010811	0.00759291
PCBP1	NASP_DNA_SENSING	dna_sensing_cosensor	cGAS-STING	Active	positive	Broad	high		10.1038/s41423-020-0462-3				common_essential	0.327192	0.022405	0.838908
POLR3A	NASP_DNA_SENSING	dna_sensing_core	RLR	Early	positive	Broad	low		10.1016/j.cell.2009.06.015	RPC1			common_essential	0.00966172	0.00501653	0.0151951
POLR3B	NASP_DNA_SENSING	dna_sensing_core	RLR	Early	positive	Broad	low		10.1016/j.cell.2009.06.015	RPC2			common_essential	0.00247113	0.000318009	0.00603801
PPT1	NASP_DNA_SENSING	dna_sensing_endosomal	TLR	Active	positive	Broad	medium		10.1038/s41467-023-43650-z				not_common_essential	0.00901389	0.00430495	0.0150667
PQBP1	NASP_DNA_SENSING	dna_sensing_cosensor	cGAS-STING	Early	positive	Broad	medium		10.1016/j.cell.2015.04.050		dna_sensor		not_common_essential	0.28116	0.072192	0.620012
PRKDC	NASP_DNA_SENSING	dna_sensing_core		Early	positive	Broad	high		10.7554/eLife.00047	DNA-PK	dna_sensor		common_essential	0.511914	0.277572	0.820253
PYHIN1	NASP_DNA_SENSING	dna_sensing_alr	ALR	Early	positive	Broad	medium		10.15252/msb.20145808	IFIX	dna_sensor		not_common_essential	0.000955454	6.95973e-05	0.00327121
RAD50	NASP_DNA_SENSING	dna_sensing_core	cGAS-STING	Early	positive	Broad	medium		10.1038/s41586-023-06889-6		dna_sensor		not_common_essential	0.00449025	0.00149327	0.00869434
RPSA	NASP_DNA_SENSING	dna_sensing_core		Early	positive	Broad	high		10.1038/s41467-023-43784-0		dna_sensor; rna_sensor		common_essential	0.117622	7.34944e-07	0.976037
SLFN11	NASP_DNA_SENSING	dna_sensing_core		Active	positive	Broad	low		10.1126/sciimmunol.adj5465		dna_sensor		not_common_essential	0.00129516	0.000101987	0.00441139
STING1	NASP_DNA_SENSING	dna_sensing_core	cGAS-STING	Early	positive	Broad	medium		10.1038/nature07317	TMEM173			not_common_essential	0.0258478	0.00689122	0.0610937
TLR9	NASP_DNA_SENSING	dna_sensing_endosomal	TLR	Early	positive	Immune-enriched	low	IFN_I_OUTPUT	10.1038/35047123		dna_sensor		not_common_essential	0.00784932	0.000734228	0.0209074
TOP1	NASP_DNA_SENSING	dna_sensing_core	cGAS-STING	Active	positive	Broad	high		10.1038/s41467-020-14652-y				common_essential	0.453442	0.235315	0.700769
TRIM14	NASP_DNA_SENSING	ubiquitin_regulation	cGAS-STING	Active	positive	Broad	medium		10.1016/j.molcel.2016.08.025				not_common_essential	0.00977416	0.00232798	0.0228345
XRCC5	NASP_DNA_SENSING	dna_sensing_cosensor	cGAS-STING	Early	positive	Broad	high		10.7554/eLife.00047		dna_sensor		common_essential	0.137787	0.0715512	0.234114
XRCC6	NASP_DNA_SENSING	dna_sensing_cosensor	cGAS-STING	Early	positive	Broad	high		10.1111/imm.13318	ku70	dna_sensor		common_essential	0.157937	0.0684247	0.29981
ZBP1	NASP_DNA_SENSING	dna_sensing_core	ZBP1	Early	positive	Broad	low	IFN_I_OUTPUT	10.1038/nature06013		dna_sensor; rna_sensor		not_common_essential	0.00100338	0.000110625	0.00300173
ZCCHC3	NASP_DNA_SENSING	dna_sensing_cosensor	cGAS-STING	Early	positive	Broad	low		10.1038/s41467-018-05559-w		dna_sensor		not_common_essential	0.0242711	0.000278821	0.108598
ZYG11B	NASP_DNA_SENSING	dna_sensing_cosensor	cGAS-STING	Early	positive	Broad	high		10.1016/j.celrep.2023.112278				not_common_essential	0.136814	0.0670255	0.241489
DDX1	NASP_RNA_SENSING	rna_sensing_core	RLR	Early	positive	Broad	medium		10.1016/j.immuni.2011.03.027	 	rna_sensor		not_common_essential	0.0859529	0.0401584	0.155416
DDX21	NASP_RNA_SENSING	rna_sensing_core	RLR	Early	positive	Broad	high		10.1016/j.bbrc.2016.03.120		rna_sensor		common_essential	0.16497	0.0879762	0.273351
DDX41	NASP_RNA_SENSING	rna_sensing_core	cGAS-STING	Early	positive	Immune-enriched	low		10.1038/ni.2091		dna_sensor; rna_sensor		common_essential	0.0202501	0.0114355	0.0308882
DDX58	NASP_RNA_SENSING	rna_sensing_core	RLR	Early	positive	Broad	high		10.1038/ni1087	RIGI; RIG-I	rna_sensor		not_common_essential	0.00126183	0.000250545	0.00321646
DDX6	NASP_RNA_SENSING	rna_sensing_core	RLR	Active	positive	Broad	high		10.3390/ijms19071877		rna_sensor		common_essential	0.308015	0.138564	0.536945
DDX60	NASP_RNA_SENSING	rna_sensing_core	RLR	Active	positive	Broad	medium	IFN_I_OUTPUT	10.1128/MCB.01368-10				not_common_essential	0.00476598	0.000756908	0.0116741
DDX60L	NASP_RNA_SENSING	rna_sensing_core	RLR	Active	positive	Broad	high		10.1128/JVI.01297-15		rna_sensor		not_common_essential	0.00049094	5.76932e-05	0.00146029
DHX16	NASP_RNA_SENSING	rna_sensing_core	RLR	Active	positive	Broad	low		10.1016/j.celrep.2022.110434		rna_sensor		common_essential	0.0161568	0.0102602	0.0224928
DHX33	NASP_RNA_SENSING	rna_sensing_core	RLR	Active	positive	Broad	low		10.1016/j.immuni.2013.07.001		rna_sensor		common_essential	0.0066547	0.00215864	0.0132931
DHX36	NASP_RNA_SENSING	rna_sensing_core	RLR	Early	positive	Immune-enriched	medium	NASP_RNA_SENSING	10.1038/s41467-019-10432-5		dna_sensor; rna_sensor		common_essential	0.0634367	0.041011	0.0922737
DHX58	NASP_RNA_SENSING	rna_sensing_core	RLR	Early	positive	Broad	low		10.1073/pnas.0606699104	LGP2	rna_sensor		not_common_essential	0.000752953	9.14163e-05	0.00231151
DHX9	NASP_RNA_SENSING	rna_sensing_core	Multi	Early	positive	Immune-enriched	medium		10.4049/jimmunol.1101307		dna_sensor; rna_sensor		common_essential	0.484762	0.188918	0.858618
EIF2AK2	NASP_RNA_SENSING	rna_sensing_core	PKR	Early	positive	Broad	high	NASP_RNA_SENSING	10.1073/pnas.75.3.1121		rna_sensor		not_common_essential	0.021497	0.0105888	0.0355189
HNRNPA2B1	NASP_RNA_SENSING	rna_sensing_core		Early	positive	Broad	high		10.1126/science.aav0758		dna_sensor; rna_sensor		not_common_essential	0.341931	0.087894	0.758554
IFIH1	NASP_RNA_SENSING	rna_sensing_core	RLR	Early	positive	Broad	medium		10.1038/nature04734	MDA5	rna_sensor		not_common_essential	0.000352594	4.69686e-05	0.000982979
ITPRIP	NASP_RNA_SENSING	sensing_checkpoint	RLR	Active	positive	Broad	medium		10.1128/jvi.00507-18				not_common_essential	0.0012847	0.000126211	0.00399858
KDM1A	NASP_RNA_SENSING	rna_sensing_core	RLR	Active	positive	Broad	medium		10.1371/journal.ppat.1009918	LSD1			not_common_essential	0.131044	0.0693268	0.222726
LRRFIP1	NASP_RNA_SENSING	rna_sensing_core	cGAS-STING	Early	positive	Broad	high		10.1038/ni.1876		dna_sensor; rna_sensor		not_common_essential	0.0151172	0.00422464	0.0277294
LYST	NASP_RNA_SENSING	rna_sensing_endosomal	TLR	Active	positive	Broad	high		10.1084/jem.20141461				not_common_essential	0.049664	0.0368736	0.0653823
MAVS	NASP_RNA_SENSING	rna_sensing_core	RLR	Early	positive	Broad	low		10.1016/j.cell.2005.08.012				not_common_essential	0.00274429	0.000390061	0.00748098
MEX3C	NASP_RNA_SENSING	rna_sensing_core	RLR	Active	positive	Broad	medium		10.1073/pnas.1401674111				not_common_essential	0.136261	0.0484192	0.297093
NLRP1	NASP_RNA_SENSING	rna_sensing_core	NLR	Early	positive	Immune-enriched	medium	NASP_RNA_SENSING	10.1126/science.abd0811		rna_sensor		not_common_essential	0.00268723	0.000677947	0.00615108
NOD2	NASP_RNA_SENSING	rna_sensing_core	NLR	Active	positive	Immune-enriched	low		10.1038/mi.2011.29		rna_sensor		not_common_essential	0.000512573	5.76673e-05	0.00158425
OAS1	NASP_RNA_SENSING	rna_sensing_core	OAS	Early	positive	Broad	medium	NASP_RNA_SENSING	10.1073/pnas.1218528110		rna_sensor		not_common_essential	0.00059546	1.32388e-05	0.00273409
OAS2	NASP_RNA_SENSING	rna_sensing_core	OAS	Early	positive	Broad	medium	NASP_RNA_SENSING	10.1089/jir.2023.0098		rna_sensor		not_common_essential	0.000662365	4.27627e-05	0.00228191
OAS3	NASP_RNA_SENSING	rna_sensing_core	OAS	Early	positive	Broad	low	NASP_RNA_SENSING	10.1089/jir.2023.0098		rna_sensor		not_common_essential	0.000449835	6.1863e-05	0.0012743
PARP9	NASP_RNA_SENSING	rna_sensing_core	Noncanonical_RNA	Active	positive	Immune-enriched	medium		10.1038/s41467-021-23003-4				not_common_essential	0.00396499	0.000691685	0.0106904
PPP1CA	NASP_RNA_SENSING	sensing_checkpoint	RLR	Early	positive	Broad	high		10.1016/j.immuni.2012.11.018	PP1α			common_essential	0.139537	0.0457893	0.312827
PPP1CC	NASP_RNA_SENSING	sensing_checkpoint	RLR	Early	positive	Broad	high		10.1016/j.immuni.2012.11.018	PP1γ			not_common_essential	0.157575	0.0614017	0.317535
PPP1R12C	NASP_RNA_SENSING	sensing_checkpoint	RLR	Active	positive	Broad	medium		10.1016/j.cell.2022.08.011	AAVS1			not_common_essential	0.0637312	0.0366734	0.101852
RNASE2	NASP_RNA_SENSING	rna_restriction	TLR	Early	positive	Immune-enriched	low		10.1016/j.immuni.2020.03.009				not_common_essential	0.00958576	0.000829042	0.0322916
RNASET2	NASP_RNA_SENSING	rna_restriction	TLR	Early	positive	Broad	high		10.1016/j.cell.2019.11.001				not_common_essential	0.00306377	0.000420537	0.00881274
RNF135	NASP_RNA_SENSING	rna_sensing_core	RLR	Early	positive	Broad	low		10.1074/jbc.M804259200				not_common_essential	0.000976765	0.000119987	0.00306657
RPSA	NASP_RNA_SENSING	rna_sensing_core		Early	positive	Broad	high		10.1038/s41467-023-43784-0		dna_sensor; rna_sensor		common_essential	0.117622	7.34944e-07	0.976037
SIDT1	NASP_RNA_SENSING	rna_sensing_endosomal	RLR	Active	positive	Broad	medium		10.4049/jimmunol.1801369				not_common_essential	0.000778554	0.000240504	0.00174366
SIDT2	NASP_RNA_SENSING	rna_sensing_endosomal	RLR	Active	positive	Broad	low		10.1016/j.immuni.2017.08.007				not_common_essential	0.0182933	0.00976961	0.0281043
SLC15A4	NASP_RNA_SENSING	rna_sensing_endosomal	TLR	Early	positive	Immune-enriched	low		10.1073/pnas.1014051107				not_common_essential	0.00818427	0.00237008	0.017466
TASL	NASP_RNA_SENSING	rna_sensing_endosomal	TLR	Early	positive	Immune-enriched	low		10.1016/j.celrep.2023.112916				not_common_essential	0.163137	0.0297611	0.433478
TLR3	NASP_RNA_SENSING	rna_sensing_endosomal	TLR	Early	positive	Immune-enriched	low	IFN_I_OUTPUT	10.1038/35099560		rna_sensor		not_common_essential	0.00836415	0.00267059	0.0168594
TLR7	NASP_RNA_SENSING	rna_sensing_endosomal	TLR	Early	positive	Immune-enriched	low	IFN_I_OUTPUT	10.1126/science.1093620		rna_sensor		not_common_essential	0.138111	0.0348474	0.333808
TLR8	NASP_RNA_SENSING	rna_sensing_endosomal	TLR	Early	positive	Immune-enriched	low	NFKB_CYTOKINE_OUTPUT|IFN_I_OUTPUT	10.1126/science.1093620		rna_sensor		not_common_essential	0.0544855	0.0236934	0.105398
TRIM25	NASP_RNA_SENSING	rna_sensing_core	RLR	Early	positive	Broad	medium		10.1126/science.ads4539				not_common_essential	0.0147556	0.00264337	0.0323852
TRIM4	NASP_RNA_SENSING	rna_sensing_core	RLR	Active	positive	Broad	medium		10.1093/jmcb/mju005				not_common_essential	0.000634349	7.43176e-05	0.00178241
YWHAE	NASP_RNA_SENSING	rna_sensing_core	RLR	Active	positive	Broad	high		10.1016/j.chom.2012.04.006	14-3-3ε			not_common_essential	0.457448	0.0824917	0.925115
YWHAH	NASP_RNA_SENSING	rna_sensing_core	RLR	Active	positive	Broad	high		10.1371/journal.ppat.1007582	14-3-3η			not_common_essential	0.14785	0.0373303	0.397743
ZBP1	NASP_RNA_SENSING	rna_sensing_core	ZBP1	Early	positive	Broad	low	IFN_I_OUTPUT	10.1038/nature06013		dna_sensor; rna_sensor		not_common_essential	0.00100338	0.000110625	0.00300173
ZC3HAV1	NASP_RNA_SENSING	rna_sensing_core		Early	positive	Broad	high		10.1038/s42003-024-07116-2	ZAP; PARP13	rna_sensor		not_common_essential	0.0240001	0.0120118	0.0390374
BAK1	MITOCHONDRIAL_NA_SENSING	mtdna_release	cGAS-STING	Early	positive	Broad	low		10.1038/s41586-023-06621-4				not_common_essential	0.00670052	0.00167001	0.0153757
BAX	MITOCHONDRIAL_NA_SENSING	mtdna_release	cGAS-STING	Early	positive	Broad	high		10.1038/s41586-023-06621-4				not_common_essential	0.0471284	0.0133193	0.100564
CMPK2	MITOCHONDRIAL_NA_SENSING	mt_na_biogenesis	cGAS-STING	Active	positive	Broad	low	IFN_I_OUTPUT	10.1038/s41586-018-0372-z				not_common_essential	0.0010398	0.000141825	0.00308816
MT-ATP8	MITOCHONDRIAL_NA_SENSING	mt_na_substrate	cGAS-STING	Active	positive	Broad	high		10.1038/s41467-024-51363-0				not_screened			
MT-ND1	MITOCHONDRIAL_NA_SENSING	mt_na_substrate	RLR	Active	positive	Broad	high		10.1038/s41467-024-51363-0				not_screened			
MT-ND6	MITOCHONDRIAL_NA_SENSING	mt_na_substrate	RLR	Active	positive	Broad	high		10.1038/s41467-024-51363-0				not_screened			
PNPT1	MITOCHONDRIAL_NA_SENSING	mt_na_restraint	cGAS-STING	Early	inverse	Broad	medium		10.1038/s41586-018-0363-0				common_essential	0.0245246	0.0126308	0.0385697
POLRMT	MITOCHONDRIAL_NA_SENSING	mt_na_biogenesis	cGAS-STING	Active	positive	Broad	low		10.1016/j.celrep.2022.111178				common_essential	0.000978824	9.29825e-05	0.0031889
PPIF	MITOCHONDRIAL_NA_SENSING	mtdna_release	cGAS-STING	Early	positive	Broad	high		10.1038/s41580-021-00433-y				not_common_essential	0.00515725	0.000667253	0.0146314
REXO2	MITOCHONDRIAL_NA_SENSING	mt_na_restraint	cGAS-STING	Early	inverse	Broad	medium		10.1093/nar/gkaa302				not_common_essential	0.0191874	0.00374875	0.0418571
TFAM	MITOCHONDRIAL_NA_SENSING	mt_na_restraint	cGAS-STING	Early	inverse	Broad	medium	AGING_HALLMARKS	10.1038/nature14156				common_essential	0.027061	0.00443422	0.0633488
VDAC1	MITOCHONDRIAL_NA_SENSING	mtdna_release	cGAS-STING	Early	positive	Broad	high		10.1126/science.aav4011				common_essential	0.121383	0.0369344	0.27598
VDAC2	MITOCHONDRIAL_NA_SENSING	mtdna_release	cGAS-STING	Early	positive	Broad	high		10.1126/science.aav4011				not_common_essential	0.0516165	0.00896076	0.128355
VDAC3	MITOCHONDRIAL_NA_SENSING	mtdna_release	cGAS-STING	Early	positive	Broad	medium		10.1126/science.aav4011				not_common_essential	0.278815	0.0672158	0.652589
YME1L1	MITOCHONDRIAL_NA_SENSING	mt_na_restraint	cGAS-STING	Early	inverse	Broad	high		10.1038/s42255-021-00385-9				not_common_essential	0.0850936	0.0527424	0.128181
SLC25A33	MITOCHONDRIAL_NA_SENSING	mt_na_biogenesis	cGAS-STING	Early	positive	Broad	medium		10.1038/s42255-021-00385-9				not_common_essential	0.0209267	0.00479025	0.0528007
DUSP1	NASP_FEEDBACK	induced_negative_regulator		Active	positive	Broad	high		10.1042/BST0341018				not_common_essential	0.035091	0.0150487	0.0643424
NFKBIA	NASP_FEEDBACK	induced_negative_regulator		Early	positive	Broad	high	SENESCENCE|SASP|SIGNALING_CONTEXT | NFKB_CYTOKINE_OUTPUT	10.1101/cshperspect.a000034				not_common_essential	0.269331	0.0687722	0.621655
SOCS1	NASP_FEEDBACK	induced_negative_regulator		Active	positive	Immune-enriched	medium		10.1038/s41467-018-04013-1				not_common_essential	0.0689179	0.0109877	0.18592
SOCS3	NASP_FEEDBACK	induced_negative_regulator		Active	positive	Broad	high		10.1161/ATVBAHA.110.207464				not_common_essential	0.124377	0.022311	0.328488
TNFAIP3	NASP_FEEDBACK	induced_negative_regulator		Active	positive	Broad	high	NFKB_CYTOKINE_OUTPUT	10.1182/blood-2008-08-174110				not_common_essential	0.175038	0.0800803	0.317221
USP18	NASP_FEEDBACK	induced_negative_regulator		Active	positive	Broad	low		10.1042/BSR20180250				common_essential	0.00487536	0.000510792	0.0156706
ZFP36	NASP_FEEDBACK	induced_negative_regulator		Active	positive	Broad	high		10.1126/science.281.5379.1001				not_common_essential	0.0876915	0.0238096	0.208371
AARS1	NASP_RESTRICTION	sensing_checkpoint	cGAS-STING	Active	positive	Broad	medium		10.1038/s41586-024-07992-y		l_lactate_sensor		common_essential	0.0224592	0.0134817	0.0327156
AARS2	NASP_RESTRICTION	sensing_checkpoint	cGAS-STING	Active	positive	Broad	low		10.1038/s41586-024-07992-y		l_lactate_sensor		common_essential	0.00593754	0.00155063	0.0123652
ADAR	NASP_RESTRICTION	rna_restriction	RLR	Early	positive	Broad	high		10.1126/science.aac7049				not_common_essential	0.0663931	0.0416446	0.0989072
APOBEC3A	NASP_RESTRICTION	te_restriction_factor	RLR	Early	positive	Immune-enriched	medium		10.1093/nar/gkj416				not_common_essential	0.000935335	7.65002e-05	0.00319185
APOBEC3B	NASP_RESTRICTION	te_restriction_factor	RLR	Early	positive	Immune-enriched	low		10.1093/nar/gkj416				not_common_essential	0.00277121	0.000147319	0.0100775
ATF7IP	NASP_RESTRICTION	te_silencing		Active	positive	Broad	high		10.1093/nar/gkae1165	MCAF1			not_common_essential	0.239084	0.126871	0.389522
ATG9A	NASP_RESTRICTION	sensing_checkpoint	cGAS-STING	Early	positive	Broad	low		10.1073/pnas.0911267106				not_common_essential	0.0875296	0.050538	0.138726
AURKA	NASP_RESTRICTION	sensing_checkpoint	cGAS-STING	Active	positive	Broad	low		10.1172/JCI161929				common_essential	0.0742603	0.0335149	0.136416
BNIP3	NASP_RESTRICTION	mitophagy_restraint	cGAS-STING	Active	positive	Broad	high		10.1083/jcb.202408166				not_common_essential	0.0172672	0.00438073	0.0387857
BNIP3L	NASP_RESTRICTION	mitophagy_restraint		Active	positive	Broad	high		10.1038/nature07006	Nix			not_common_essential	0.0539137	0.0198349	0.109808
C1QBP	NASP_RESTRICTION	induced_negative_regulator	RLR	Active	positive	Broad	high		10.1073/pnas.0811029106				not_common_essential	0.00926948	0.00206255	0.0207017
CDK1	NASP_RESTRICTION	sensing_checkpoint	cGAS-STING	Active	positive	Broad	medium		10.1038/s41421-020-0162-2				common_essential	0.318163	0.0812947	0.6962
DDX46	NASP_RESTRICTION	sensing_checkpoint	RLR	Active	positive	Broad	medium		10.1038/ni.3830				common_essential	0.235408	0.116277	0.416088
DDX46	NASP_RESTRICTION	rna_restriction	RLR	Active	positive	Broad	medium		10.1038/ni.3830				common_essential	0.235408	0.116277	0.416088
DNASE1L3	NASP_RESTRICTION	dna_restriction	cGAS-STING	Active	positive	Liver/Immune-enriched	medium		10.3389/fimmu.2021.629922				not_common_essential	0.00273795	0.000350136	0.00832742
DNASE2	NASP_RESTRICTION	dna_restriction	cGAS-STING	Early	positive	Broad	low		10.1038/s41467-017-01932-3				not_common_essential	0.00829996	0.00156493	0.0213926
DNMT1	NASP_RESTRICTION	te_silencing	Multi	Early	positive	Broad	medium		10.1038/s41594-021-00603-8				common_essential	0.226459	0.121992	0.377167
DNMT3A	NASP_RESTRICTION	te_silencing		Active	positive	Broad	medium		10.1038/2413				not_common_essential	0.00630405	0.00239612	0.0114465
ENPP1	NASP_RESTRICTION	cgamp_hydrolase	cGAS-STING	Active	positive	Broad	low		10.1073/pnas.2119189119				not_common_essential	0.0149211	0.00837044	0.0228577
FARSA	NASP_RESTRICTION	rna_restriction	PKR	Early	positive	Broad	low		10.1016/j.molcel.2026.04.030				common_essential	0.0298896	0.0165407	0.0468374
HDAC1	NASP_RESTRICTION	te_silencing		Active	positive	Broad	medium		10.1038/s41467-023-42417-w				not_common_essential	0.0814085	0.0333476	0.164615
HNRNPC	NASP_RESTRICTION	rna_restriction	RLR	Active	positive	Broad	high		10.15252/embj.201899017				common_essential	0.51	0.0979664	0.952965
IQGAP1	NASP_RESTRICTION	induced_negative_regulator	cGAS-STING	Active	positive	Broad	high		10.4049/jimmunol.1601370				not_common_essential	0.0642238	0.048683	0.0825143
MARCHF8	NASP_RESTRICTION	induced_negative_regulator	cGAS-STING	Active	positive	Immune-enriched	medium		10.1126/scisignal.abk3067				not_common_essential	0.00864248	0.00385402	0.0151044
MECP2	NASP_RESTRICTION	sensing_checkpoint	cGAS-STING	Early	positive	Broad	high		10.1038/s41467-025-65713-z				not_common_essential	0.194067	0.020043	0.608276
MFN1	NASP_RESTRICTION	mt_na_restraint	cGAS-STING	Early	positive	Broad	medium		10.1038/s41467-024-51363-0				not_common_essential	0.0165598	0.00618865	0.0289043
MORC2	NASP_RESTRICTION	te_silencing		Active	positive	Broad	low		10.1093/nar/gkae1165				not_common_essential	0.109591	0.0674455	0.166684
MOV10	NASP_RESTRICTION	te_restriction_factor	Multi	Early	positive	Broad	low		10.1371/journal.pgen.1002941				not_common_essential	0.0579137	0.0338818	0.0910901
MPHOSPH8	NASP_RESTRICTION	te_silencing		Early	positive	Broad	high		10.1093/nar/gkae1165	MPP8			not_common_essential	0.0298473	0.0153996	0.0481891
NLRC3	NASP_RESTRICTION	sensing_checkpoint	cGAS-STING	Active	positive	Broad	low		10.1016/j.immuni.2014.01.010				not_common_essential	0.00121081	8.7581e-05	0.00370133
NSUN2	NASP_RESTRICTION	dna_restriction	cGAS-STING	Active	positive	Broad	low		10.1016/j.cmet.2023.07.009		glucose_sensor		not_common_essential	0.025364	0.0113835	0.0419064
OTUD3	NASP_RESTRICTION	induced_negative_regulator	RLR	Active	positive	Broad	low		10.1016/j.molcel.2020.06.020				not_common_essential	0.00606074	0.00145424	0.0132643
PCBP2	NASP_RESTRICTION	induced_negative_regulator	cGAS-STING	Active	positive	Broad	high		10.1038/s41467-022-29266-9				common_essential	0.441868	0.0969164	0.909365
PINK1	NASP_RESTRICTION	mitophagy_restraint	cGAS-STING	Active	positive	Broad	medium		10.1111/acel.13622				not_common_essential	0.00158286	0.000240901	0.00436309
PLD3	NASP_RESTRICTION	dna_restriction	cGAS-STING	Active	positive	Broad	high		10.3389/fimmu.2021.629922				not_common_essential	0.011232	0.00303444	0.0240083
PLD4	NASP_RESTRICTION	dna_restriction	cGAS-STING	Active	positive	Broad	medium		10.3389/fimmu.2021.629922				not_common_essential	0.00058833	5.73519e-05	0.00189059
PNPT1	NASP_RESTRICTION	mt_na_restraint	cGAS-STING	Early	positive	Broad	medium	MITOCHONDRIAL_NA_SENSING	10.1038/s41467-024-51363-0				common_essential	0.0245246	0.0126308	0.0385697
PPHLN1	NASP_RESTRICTION	te_silencing		Early	positive	Broad	high		10.1093/nar/gkae1165	Periphilin-1			not_common_essential	0.0134905	0.00338585	0.0256066
PRKN	NASP_RESTRICTION	mitophagy_restraint	cGAS-STING	Active	positive	Broad	high		10.1083/jcb.200809125				not_common_essential	0.00106125	0.000223737	0.00282339
PRKRA	NASP_RESTRICTION	induced_negative_regulator	PKR	Early	positive	Broad	medium		10.1038/s41467-025-58433-x	PACT			common_essential	0.0608461	0.0219943	0.124944
PRMT1	NASP_RESTRICTION	induced_negative_regulator	cGAS-STING	Active	positive	Broad	high		10.1038/s41467-023-38443-3				common_essential	0.598102	0.142406	0.981188
PRMT5	NASP_RESTRICTION	induced_negative_regulator	cGAS-STING	Active	positive	Broad	low		10.1126/sciadv.abc1834				common_essential	0.166388	0.0764692	0.306115
RIOK3	NASP_RESTRICTION	induced_negative_regulator	RLR	Active	positive	Broad	high		10.1016/j.celrep.2015.03.027				not_common_essential	0.0181591	0.00687681	0.0323214
RNASEH2A	NASP_RESTRICTION	dna_restriction	cGAS-STING	Active	positive	Broad	low		10.1038/s41467-022-30604-0				not_common_essential	0.00928204	0.00141453	0.0251324
RNASEH2B	NASP_RESTRICTION	dna_restriction	cGAS-STING	Active	positive	Broad	high		10.1038/s41467-022-30604-0				not_common_essential	0.00219958	0.00011035	0.00818186
RNASEH2C	NASP_RESTRICTION	dna_restriction	cGAS-STING	Active	positive	Broad	medium		10.1038/s41467-022-30604-0				not_common_essential	0.00159248	0.000217708	0.0048402
SAMHD1	NASP_RESTRICTION	dna_restriction	cGAS-STING	Early	positive	Broad	high		10.1016/j.celrep.2016.07.002				not_common_essential	0.0124195	0.00651618	0.0198158
SDCBP	NASP_RESTRICTION	sensing_checkpoint	TLR	Active	positive	Broad	high		10.1038/s41586-019-1612-6				not_common_essential	0.0159403	0.00294758	0.0418654
SETDB1	NASP_RESTRICTION	te_silencing		Active	positive	Broad	low		10.1038/s41467-018-04132-9				common_essential	0.148584	0.0783488	0.259139
SIGLEC10	NASP_RESTRICTION	induced_negative_regulator	RLR	Active	positive	Immune-enriched	low		10.1093/glycob/cwu068				not_common_essential	0.00474082	0.000855524	0.0127538
SIRT6	NASP_RESTRICTION	te_silencing		Early	positive	Broad	low		10.1038/ncomms6011				not_common_essential	0.0164899	0.00518895	0.0324378
SKIV2L	NASP_RESTRICTION	rna_restriction		Early	positive	Broad	low		10.1038/ni.2948				not_common_essential	0.00288737	0.000708137	0.00650666
SUPV3L1	NASP_RESTRICTION	mt_na_restraint	RLR	Early	positive	Broad	low		10.1038/s41586-018-0363-0	SUV3			common_essential	0.0268381	0.0144384	0.0423203
TASOR	NASP_RESTRICTION	te_silencing		Early	positive	Broad	medium		10.1093/nar/gkae1165	FAM208A			not_common_essential	0.0864004	0.0548107	0.12894
TFAM	NASP_RESTRICTION	mt_na_restraint	cGAS-STING	Early	positive	Broad	medium	AGING_HALLMARKS; MITOCHONDRIAL_NA_SENSING	10.1038/nature14156				common_essential	0.027061	0.00443422	0.0633488
TNRC18	NASP_RESTRICTION	te_silencing		Early	positive	Broad	high		10.1038/s41586-023-06688-z				not_common_essential	0.216949	0.0962207	0.404395
TREX1	NASP_RESTRICTION	dna_restriction	cGAS-STING	Early	positive	Broad	low		10.1016/j.cell.2008.06.032				not_common_essential	0.0154497	0.000593658	0.0595029
TRIM28	NASP_RESTRICTION	te_silencing	Multi	Early	positive	Broad	medium		10.1038/nature08674	KAP1			not_common_essential	0.419463	0.157618	0.758121
TRIM29	NASP_RESTRICTION	induced_negative_regulator	cGAS-STING	Active	positive	Immune-enriched	high		10.1038/s41467-017-00101-w				not_common_essential	0.00624903	0.00147125	0.0138265
TRIM40	NASP_RESTRICTION	induced_negative_regulator	RLR	Active	positive	Broad	low		10.1016/j.celrep.2017.10.020				not_common_essential	0.000544445	5.67488e-05	0.00163007
WWTR1	NASP_RESTRICTION	sensing_checkpoint	cGAS-STING	Active	positive	Broad	high		10.1038/ncb3496				not_common_essential	0.0976656	0.0371896	0.199621
YAP1	NASP_RESTRICTION	sensing_checkpoint	cGAS-STING	Active	positive	Broad	high		10.1038/ncb3496				not_common_essential	0.361548	0.107652	0.745473
ZNF598	NASP_RESTRICTION	induced_negative_regulator	RLR	Active	positive	Broad	low		10.1016/j.celrep.2019.07.081				not_screened	0.105081	0.0403116	0.221935
ZNF91	NASP_RESTRICTION	te_restriction_factor	Multi	Early	positive	Broad	high		10.1038/nature13760				not_common_essential	0.00459697	0.000386765	0.0158551
ZNF93	NASP_RESTRICTION	te_silencing	Multi	Early	positive	Broad	low		10.1038/nature13760				not_common_essential	0.00129619	0.000149259	0.00410424
ATF3	TE_DEREPRESSION	te_activator	RLR	Active	positive	Broad	high		10.1038/s43587-024-00745-6				not_common_essential	0.0560074	0.0152862	0.124637
FOXA1	TE_DEREPRESSION	te_activator	cGAS-STING	Early	positive	Liver-enriched	medium		10.1038/s41586-018-0784-9				not_common_essential	0.0504107	0.0114496	0.11788
SMARCA4	TE_DEREPRESSION	te_repressor		Active	inverse	Broad	high		10.1126/sciadv.adn2811				not_common_essential	0.647367	0.317123	0.932146
MTOR	AGING_HALLMARKS	nutrient_sensing		Post-NASP	context_dependent	Broad	medium		10.1038/nature08221				common_essential	0.141788	0.092402	0.207585
BANF1	AGING_PROTECTIVE	genome_maintenance		Post-NASP	positive	Broad	high		10.1016/j.cell.2022.11.001				common_essential	0.174989	0.00826872	0.591726
BUB1B	AGING_PROTECTIVE	genome_maintenance		Post-NASP	positive	Broad	low		10.15252/embj.201386907				common_essential	0.0163418	0.0077209	0.025935
COL3A1	AGING_PROTECTIVE	tissue_remodeling		Post-NASP	positive	Fibroblast-enriched	high		10.1038/s41586-026-10542-3				not_common_essential	0.226956	0.130039	0.357452
EDA2R	AGING_PROTECTIVE	tissue_remodeling		Post-NASP	positive	Broad	low		10.1038/s41586-026-10542-3				not_common_essential	0.00393007	0.000544217	0.0102889
FOXO3	AGING_PROTECTIVE	proteostasis		Post-NASP	positive	Broad	high		10.1093/gerona/glab378				not_common_essential	0.188102	0.0876653	0.32648
KL	AGING_PROTECTIVE	endocrine_longevity		Post-NASP	positive	Kidney-enriched	low		10.1038/36285	Klotho			not_common_essential	0.010803	0.00158153	0.0234974
LAMP2	AGING_PROTECTIVE	proteostasis		Post-NASP	positive	Broad	high		10.1038/s41586-020-03129-z	LAMP2A			not_common_essential	0.0617056	0.00916051	0.183911
LMNA	AGING_PROTECTIVE	genome_maintenance		Post-NASP	positive	Broad	high		10.1016/j.cell.2022.11.001				not_common_essential	0.19495	0.0753944	0.3956
PIN1	AGING_PROTECTIVE	genome_maintenance		Post-NASP	positive	Broad	medium		10.1016/j.celrep.2021.109694				not_common_essential	0.0712988	0.0233922	0.151827
SIRT1	AGING_PROTECTIVE	genome_maintenance		Post-NASP	positive	Broad	low		10.1080/00207454.2022.2057849				not_common_essential	0.073524	0.0404218	0.121336
SIRT3	AGING_PROTECTIVE	mitochondrial_maintenance		Post-NASP	positive	Broad	low		10.1016/j.celrep.2013.01.005				not_common_essential	0.000772583	0.000107828	0.00229333
SIRT6	AGING_PROTECTIVE	genome_maintenance		Post-NASP	positive	Broad	low		10.1016/j.cell.2019.03.043				not_common_essential	0.0164899	0.00518895	0.0324378
SIRT7	AGING_PROTECTIVE	genome_maintenance		Post-NASP	positive	Broad	low		10.1080/00207454.2022.2057849				not_common_essential	0.0244507	0.0112295	0.0428504
TERT	AGING_PROTECTIVE	genome_maintenance		Post-NASP	positive	Broad	low		10.1016/j.cell.2008.09.034				not_common_essential	0.0795479	0.0354856	0.151706
VEGFA	AGING_PROTECTIVE	angiogenic		Post-NASP	positive	Broad	high		10.1126/science.abc8479	VEGF			not_common_essential	0.0158462	0.00612022	0.028292
WRN	AGING_PROTECTIVE	genome_maintenance		Post-NASP	positive	Broad	medium		10.1021/bi0266986				not_common_essential	0.00270401	0.000652626	0.00631689
ZMPSTE24	AGING_PROTECTIVE	genome_maintenance		Post-NASP	positive	Broad	medium		10.1083/jcb.200801096				not_common_essential	0.0044338	0.00118282	0.00961157
NREP	AGING_HALLMARKS	tissue_remodeling		Post-NASP	positive	Broad	high		10.1038/s41586-026-10542-3				not_common_essential	0.00927797	0.000990718	0.029346
CDKN1A	AGING_HALLMARKS	senescence_driver		Post-NASP	positive	Broad	high		10.1038/s41586-026-10542-3				not_common_essential	0.0156098	0.00145099	0.0393901
COL1A1	AGING_HALLMARKS	tissue_remodeling		Post-NASP	positive	Fibroblast-enriched	high		10.1038/s41586-026-10542-3				not_common_essential	0.297986	0.160764	0.485146
GHR	AGING_HALLMARKS	nutrient_sensing		Post-NASP	positive	Liver/Broad	high		10.1111/acel.13506				not_common_essential	0.0125942	0.00460396	0.023028
GPNMB	AGING_HALLMARKS	senescence_driver		Post-NASP	positive	Immune-enriched	high		10.1038/s41586-026-10542-3				not_common_essential	0.00112645	0.000286218	0.00260729
IGF1R	AGING_HALLMARKS	nutrient_sensing		Post-NASP	positive	Broad	high		10.1016/j.cell.2022.11.001				not_common_essential	0.0761572	0.0474963	0.115862
KAT7	AGING_HALLMARKS	senescence_driver		Post-NASP	positive	Broad	medium		10.1126/scitranslmed.abd2655				not_common_essential	0.381268	0.14331	0.708711
ATG14	AUTOPHAGY	autophagy_modulation		Active	positive	Broad	medium		10.1080/15548627.2021.1899440				not_common_essential	0.0304261	0.015033	0.0501477
ATG5	AUTOPHAGY	autophagy_modulation		Active	positive	Broad	high		10.1038/s41586-019-1006-9				not_common_essential	0.0938319	0.0402945	0.177265
ATG7	AUTOPHAGY	autophagy_modulation		Active	positive	Broad	high		10.1080/15548627.2021.1899440				not_common_essential	0.00797603	0.00325048	0.0142343
BECN1	AUTOPHAGY	autophagy_modulation		Active	positive	Broad	low		10.1016/j.chom.2014.01.009				not_common_essential	0.0601556	0.0300289	0.103485
MAP1LC3B	AUTOPHAGY	autophagy_modulation		Active	positive	Broad	high		10.1038/s41586-019-1006-9				not_common_essential	0.0259148	0.00670972	0.0554689
SQSTM1	AUTOPHAGY	autophagy_modulation		Active	positive	Broad	high		10.15252/embj.201797858				not_common_essential	0.0164031	0.000940073	0.044528
ABCC1	CGAMP_TRANSPORT	cgamp_transport	cGAS-STING	Early	positive	Broad	high		10.3389/fimmu.2023.1150705				not_common_essential	0.0324323	0.0229199	0.0439957
GJA1	CGAMP_TRANSPORT	cgamp_transport	cGAS-STING	Early	positive	Broad	medium		10.3389/fimmu.2023.1150705	Cx43			not_common_essential	0.116279	0.0301145	0.269618
GJB1	CGAMP_TRANSPORT	cgamp_transport	cGAS-STING	Early	positive	Broad	low		10.3389/fimmu.2023.1150705	Cx32			not_common_essential	0.212784	0.0600623	0.466439
GJC1	CGAMP_TRANSPORT	cgamp_transport	cGAS-STING	Early	positive	Broad	low		10.3389/fimmu.2023.1150705	Cx45			not_common_essential	0.124637	0.0621486	0.213806
LRRC8A	CGAMP_TRANSPORT	cgamp_transport	cGAS-STING	Early	positive	Broad	medium		10.3389/fimmu.2023.1150705				not_common_essential	0.110105	0.0622829	0.175761
P2RX7	CGAMP_TRANSPORT	cgamp_transport	cGAS-STING	Early	positive	Immune-enriched	medium		10.3389/fimmu.2023.1150705				not_common_essential	0.00084045	0.000173396	0.00211623
SLC19A1	CGAMP_TRANSPORT	cgamp_transport	cGAS-STING	Early	positive	Broad	low		10.3389/fimmu.2023.1150705				not_common_essential	0.00135133	0.000229948	0.00368225
SLC46A2	CGAMP_TRANSPORT	cgamp_transport	cGAS-STING	Early	positive	Immune-enriched	low		10.3389/fimmu.2023.1150705				not_common_essential	0.000873461	0.000143874	0.00242114
BST2	IFN_I_OUTPUT	ifn_i_isg		Active	positive	Broad	high		10.4049/jimmunol.177.5.3260				not_common_essential	0.00289903	0.000157129	0.0106416
CMPK2	IFN_I_OUTPUT	ifn_i_isg		Active	positive	Broad	low		10.1016/j.isci.2021.102498				not_common_essential	0.0010398	0.000141825	0.00308816
CXCL10	IFN_I_OUTPUT	ifn_chemokine		Active	positive	Broad	medium	IFN_I_OUTPUT|NFKB_CYTOKINE_OUTPUT	10.3389/fimmu.2017.01970				not_common_essential	0.00665129	0.000815543	0.0208033
CXCL11	IFN_I_OUTPUT	ifn_chemokine		Active	positive	Immune-enriched	low	INFLAMMAGING	10.3389/fimmu.2017.01970				not_common_essential	0.00409388	0.000178522	0.0160758
CXCL9	IFN_I_OUTPUT	ifn_chemokine		Active	positive	Immune-enriched	medium	INFLAMMAGING	10.3389/fimmu.2017.01970				not_common_essential	0.00291641	0.000318048	0.00940075
EPSTI1	IFN_I_OUTPUT	ifn_i_isg		Active	positive	Broad	medium		10.1093/rheumatology/keaf297				not_common_essential	0.000887905	9.31742e-05	0.00270752
GBP1	IFN_I_OUTPUT	ifn_antiviral_effector		Active	positive	Immune-enriched	medium		10.1084/jem.20182031				not_common_essential	0.0017246	7.68283e-05	0.00639164
GBP5	IFN_I_OUTPUT	ifn_antiviral_effector		Active	positive	Immune-enriched	high		10.1084/jem.20182031				not_common_essential	0.00178375	6.75691e-05	0.00663464
HERC5	IFN_I_OUTPUT	ifn_i_isg		Active	positive	Broad	low		10.1073/pnas.0600397103				not_common_essential	0.00405813	0.000299063	0.0131436
HERC6	IFN_I_OUTPUT	ifn_i_isg		Active	positive	Broad	medium		10.1016/j.isci.2024.108986				not_common_essential	0.000751242	0.00011407	0.00221895
IDO1	IFN_I_OUTPUT	ifn_i_isg		Active	positive	Immune-enriched	medium	IFN_GAMMA_OUTPUT|INFLAMMAGING	10.1073/pnas.85.4.1242				not_common_essential	0.000794353	9.48418e-05	0.00249116
IFI27	IFN_I_OUTPUT	ifn_i_isg		Active	positive	Broad	high		10.3389/fmicb.2023.1176177				not_common_essential	0.00340072	0.000172289	0.0128713
IFI35	IFN_I_OUTPUT	ifn_i_isg		Active	positive	Broad	medium		10.1128/JVI.03202-13				not_common_essential	0.000730817	9.26679e-05	0.00224505
IFI44	IFN_I_OUTPUT	ifn_i_isg		Active	positive	Broad	medium		10.1128/JVI.00297-20				not_common_essential	0.000622698	5.65141e-05	0.00202591
IFI44L	IFN_I_OUTPUT	ifn_i_isg		Active	positive	Broad	high		10.1128/JVI.00297-20				not_common_essential	0.000549722	3.91232e-05	0.00183635
IFI6	IFN_I_OUTPUT	ifn_i_isg		Active	positive	Broad	high		10.1038/s41598-025-20489-6				not_common_essential	0.0035547	0.000413106	0.0106471
IFIT1	IFN_I_OUTPUT	ifn_i_isg		Active	positive	Broad	medium		10.1038/ni.2048				not_common_essential	0.00396323	0.000320254	0.0134128
IFIT2	IFN_I_OUTPUT	ifn_i_isg		Active	positive	Broad	low		10.1038/nri3344				not_common_essential	0.00513797	0.000627232	0.014407
IFIT3	IFN_I_OUTPUT	ifn_i_isg		Active	positive	Broad	medium		10.1038/nri3344				not_common_essential	0.00552056	0.000911953	0.015528
IFITM1	IFN_I_OUTPUT	ifn_i_isg		Active	positive	Broad	high		10.1038/nri3344				not_common_essential	0.00842822	0.000537566	0.0293865
IFITM2	IFN_I_OUTPUT	ifn_i_isg		Active	positive	Broad	high		10.1038/nri3344				common_essential	0.010771	0.000567069	0.0396913
IFITM3	IFN_I_OUTPUT	ifn_i_isg		Active	positive	Broad	high		10.1038/nri3344				common_essential	0.0114603	0.00134396	0.0359844
IFNA1	IFN_I_OUTPUT	ifn_i_ligand		Active	positive	Broad	low		10.1016/j.gene.2007.03.018				not_common_essential	0.00497176	0.000190693	0.0188778
IFNB1	IFN_I_OUTPUT	ifn_i_ligand		Active	positive	Broad	low		10.1007/s12026-012-8293-7				not_common_essential	0.00316849	0.000234124	0.0109582
IFNG	IFN_I_OUTPUT	ifn_gamma_ligand		Active	positive	Immune-enriched	medium	SASP	10.1002/j.1460-2075.1982.tb01277.x				not_common_essential	0.0256338	0.00346299	0.0728496
ISG15	IFN_I_OUTPUT	ifn_i_isg		Active	positive	Broad	high	SASP	10.1038/s41579-018-0020-5				not_common_essential	0.00452041	0.000193777	0.0172058
ISG20	IFN_I_OUTPUT	ifn_antiviral_effector		Active	positive	Broad	high		10.1128/mSphere.00209-18				not_common_essential	0.00440669	0.000732614	0.0118305
LY6E	IFN_I_OUTPUT	ifn_i_isg		Active	positive	Broad	high		10.1038/s41467-018-06000-y				not_common_essential	0.0157681	0.0031579	0.0396077
MX1	IFN_I_OUTPUT	ifn_i_isg		Active	positive	Broad	high		10.1016/j.micinf.2007.09.010				not_common_essential	0.00241832	0.000506826	0.00591223
MX2	IFN_I_OUTPUT	ifn_i_isg		Active	positive	Broad	medium		10.1038/nature12542				not_common_essential	0.00241438	0.000280765	0.00691531
NLRC5	IFN_I_OUTPUT	ifn_antigen_presentation		Active	positive	Broad	medium		10.1073/pnas.1008684107				not_common_essential	0.01918	0.0105283	0.0289137
OASL	IFN_I_OUTPUT	ifn_i_isg	RLR	Active	positive	Broad	low		10.1016/j.coviro.2023.101329				not_common_essential	0.000614974	7.6035e-05	0.00186113
PSMB8	IFN_I_OUTPUT	ifn_antigen_presentation		Active	positive	Broad	high		10.1371/journal.pone.0180958				not_common_essential	0.00673536	0.00158527	0.0153103
PSMB9	IFN_I_OUTPUT	ifn_antigen_presentation		Active	positive	Broad	high		10.1371/journal.pone.0180958				not_common_essential	0.00925766	0.00202684	0.0206475
RNASEL	IFN_I_OUTPUT	oas_rnase_effector		Active	positive	Broad	low		10.1128/jvi.01471-07				not_common_essential	0.0011668	0.000167878	0.00318353
RSAD2	IFN_I_OUTPUT	ifn_antiviral_effector		Active	positive	Broad	medium		10.3390/pathogens14050510				not_common_essential	0.00102913	0.000140851	0.00300019
RTP4	IFN_I_OUTPUT	ifn_i_isg		Active	positive	Broad	low		10.1038/nature09907				not_common_essential	0.00185931	0.000189463	0.00607026
SAMD9	IFN_I_OUTPUT	ifn_antiviral_effector		Active	positive	Broad	medium		10.1128/mBio.00385-13				not_common_essential	0.000847836	0.000159595	0.00214451
SAMD9L	IFN_I_OUTPUT	ifn_antiviral_effector		Active	positive	Broad	medium		10.1128/mBio.00385-13				not_common_essential	0.00303755	0.000761107	0.00651454
SIGLEC1	IFN_I_OUTPUT	ifn_i_isg		Active	positive	Myeloid-enriched	low		10.3389/fmed.2022.979373				not_common_essential	0.000336953	5.13138e-05	0.000932717
TAP1	IFN_I_OUTPUT	ifn_antigen_presentation		Active	positive	Broad	high		10.1371/journal.pone.0180958				not_common_essential	0.00880017	0.00315755	0.0159549
XAF1	IFN_I_OUTPUT	ifn_i_isg		Active	positive	Broad	high		10.1074/jbc.M204851200				not_common_essential	0.000877959	0.000109845	0.00266821
B3GAT1	IMMUNOSENESCENCE	t_cell_immunosenescence		Post-NASP	positive	Broad	medium		10.1182/blood-2002-07-2103	CD57			not_common_essential	0.0529056	0.034243	0.0766394
CD27	IMMUNOSENESCENCE	t_cell_immunosenescence		Post-NASP	inverse	Broad	high		10.1002/cyto.a.22351				not_common_essential	0.00345691	0.00022064	0.0132292
CD28	IMMUNOSENESCENCE	t_cell_immunosenescence		Post-NASP	inverse	Broad	medium		10.1016/S0145-305X(97)00027-X				not_common_essential	0.0245961	0.004993	0.059664
GZMK	IMMUNOSENESCENCE	t_cell_immunosenescence		Post-NASP	positive	Immune-enriched	high		10.1016/j.immuni.2020.11.005				not_common_essential	0.00120297	0.000165031	0.0036981
IL7R	IMMUNOSENESCENCE	t_cell_immunosenescence		Post-NASP	inverse	Immune-enriched	high		10.1016/j.cyto.2012.03.013	CD127			not_common_essential	0.00224241	0.000256379	0.00665739
KLRG1	IMMUNOSENESCENCE	t_cell_immunosenescence		Post-NASP	positive	Broad	medium		10.1016/S0531-5565(03)00134-7				not_common_essential	0.00200942	0.00025655	0.00618977
PDCD1	IMMUNOSENESCENCE	t_cell_immunosenescence		Post-NASP	positive	Broad	low		10.1073/pnas.0908805106	PD-1			not_common_essential	0.0274727	0.00520403	0.0690893
PLAUR	IMMUNOSENESCENCE	t_cell_immunosenescence		Post-NASP	positive	Broad	high		10.1038/s41586-020-2403-9	uPAR			not_common_essential	0.00153082	0.000139399	0.00447505
SATB1	IMMUNOSENESCENCE	t_cell_immunosenescence		Post-NASP	inverse	Immune-enriched	high		10.1016/j.immuni.2016.12.015				not_common_essential	0.150623	0.0687671	0.283855
TIGIT	IMMUNOSENESCENCE	t_cell_immunosenescence		Post-NASP	positive	Broad	medium		10.3389/fimmu.2022.833531				not_common_essential	0.00135908	0.000162033	0.0042388
A2M	INFLAMMAGING	acute_phase		Post-NASP	positive	Liver-enriched	high		10.3389/fimmu.2021.803244	α2M			not_common_essential	0.00867342	0.00132648	0.017542
ADIPOQ	INFLAMMAGING	adipose_context		Post-NASP	inverse	Adipose-enriched	medium		10.1016/j.cca.2007.01.026				not_common_essential	0.00262198	0.000432515	0.00700935
CCL11	INFLAMMAGING	inflammaging_cytokine		Post-NASP	positive	Immune-enriched	low		10.1038/s43587-025-00938-7	Eotaxin		Franceschi et al., Nature Aging, 2025	not_common_essential	0.00124863	0.000100639	0.00427007
CCL22	INFLAMMAGING	inflammaging_chemokine		Post-NASP	positive	Immune-enriched	medium		10.1038/s43587-025-00938-7			Franceschi et al., Nature Aging, 2025	not_common_essential	0.00210741	0.0002059	0.00672685
CCL3	INFLAMMAGING	inflammaging_cytokine		Post-NASP	positive	Broad	high	SASP	10.1038/s43587-025-00938-7	MIP1α		Franceschi et al., Nature Aging, 2025	not_common_essential	0.00192561	8.61327e-05	0.00713714
CD163	INFLAMMAGING	myeloid_activation		Post-NASP	positive	Immune-enriched	medium		10.1089/ars.2012.4834				not_common_essential	0.026552	0.0145352	0.0437062
CD36	INFLAMMAGING	myeloid_activation		Post-NASP	positive	Broad	high		10.1038/s42255-019-0142-8				not_common_essential	0.000199113	1.62346e-05	0.000609478
CD38	INFLAMMAGING	myeloid_activation		Post-NASP	positive	Immune-enriched	medium		10.1016/j.cmet.2016.05.006				not_common_essential	0.00152219	0.000103441	0.00506605
CD40LG	INFLAMMAGING	inflammaging_cytokine		Post-NASP	positive	Immune-enriched	low		10.1038/s43587-025-00938-7			Franceschi et al., Nature Aging, 2025	not_common_essential	0.131803	0.0174713	0.421292
CD68	INFLAMMAGING	myeloid_activation		Post-NASP	positive	Liver/Immune-enriched	high		10.1007/s11357-022-00536-0				not_common_essential	0.00558489	0.00143242	0.0124218
CD9	INFLAMMAGING	adipose_context		Post-NASP	positive	Adipose/Immune-enriched	high		10.1038/s43587-025-00952-9				not_common_essential	0.0143701	0.0039313	0.0309233
CHIT1	INFLAMMAGING	myeloid_activation		Post-NASP	positive	Immune-enriched	low		10.1146/annurev-physiol-012110-142250				not_common_essential	0.0010114	9.91227e-05	0.00325057
CRP	INFLAMMAGING	acute_phase		Post-NASP	positive	Liver-enriched	medium		10.3389/fimmu.2018.00754				not_common_essential	0.00504777	0.000952337	0.0134732
CSF1	INFLAMMAGING	myeloid_activation		Post-NASP	positive	Broad	medium	SASP	10.1038/s43587-025-00938-7			Franceschi et al., Nature Aging, 2025	not_common_essential	0.0892372	0.0269222	0.199865
CXCL1	INFLAMMAGING	inflammaging_cytokine		Post-NASP	positive	Broad	high	SASP; NFKB_CYTOKINE_OUTPUT	10.1038/s43587-025-00938-7			Franceschi et al., Nature Aging, 2025	not_common_essential	0.010754	0.000763955	0.0340541
CXCL10	INFLAMMAGING	inflammaging_chemokine		Post-NASP	positive	Broad	medium	IFN_I_OUTPUT|NFKB_CYTOKINE_OUTPUT | INFLAMMAGING	10.1038/s43587-025-00938-7			Franceschi et al., Nature Aging, 2025	not_common_essential	0.00665129	0.000815543	0.0208033
CXCL9	INFLAMMAGING	inflammaging_chemokine		Post-NASP	positive	Immune-enriched	medium		10.1038/s43587-025-00938-7			Franceschi et al., Nature Aging, 2025	not_common_essential	0.00291641	0.000318048	0.00940075
GPNMB	INFLAMMAGING	myeloid_activation		Post-NASP	positive	Adipose/Immune-enriched	high		10.3389/fimmu.2021.674739				not_common_essential	0.00112645	0.000286218	0.00260729
IFNA1	INFLAMMAGING	inflammaging_cytokine		Post-NASP	positive	Broad	low		10.1038/s43587-025-00938-7	IFNα		Franceschi et al., Nature Aging, 2025	not_common_essential	0.00497176	0.000190693	0.0188778
IFNG	INFLAMMAGING	inflammaging_cytokine		Post-NASP	positive	Immune-enriched	medium	SASP	10.1038/s43587-025-00938-7	FNγ		Franceschi et al., Nature Aging, 2025	not_common_essential	0.0256338	0.00346299	0.0728496
IL1B	INFLAMMAGING	inflammaging_cytokine		Post-NASP	positive	Myeloid-enriched	high	NFKB_CYTOKINE_OUTPUT	10.1038/s43587-025-00938-7	IL-1β		Franceschi et al., Nature Aging, 2025	not_common_essential	0.0414579	0.00998333	0.0908958
IL2	INFLAMMAGING	inflammaging_cytokine		Post-NASP	positive	Immune-enriched	low		10.1038/s43587-025-00938-7	IL-2		Franceschi et al., Nature Aging, 2025	not_common_essential	0.0367295	0.0058498	0.0986829
IL27	INFLAMMAGING	inflammaging_cytokine		Post-NASP	positive	Immune-enriched	low		10.1038/s43587-025-00938-7	IL-27		Franceschi et al., Nature Aging, 2025	not_common_essential	0.0900598	0.0143646	0.240365
IL4	INFLAMMAGING	inflammaging_cytokine		Post-NASP	positive	Immune-enriched	low		10.1038/s43587-025-00938-7	IL-4		Franceschi et al., Nature Aging, 2025	not_common_essential	0.00503927	0.000746523	0.0138576
IL5	INFLAMMAGING	inflammaging_cytokine		Post-NASP	positive	Immune-enriched	low		10.1038/s43587-025-00938-7	IL-5		Franceschi et al., Nature Aging, 2025	not_common_essential	0.0021548	5.9249e-05	0.00893633
IL6	INFLAMMAGING	inflammaging_cytokine		Post-NASP	positive	Broad	medium	SASP; NFKB_CYTOKINE_OUTPUT	10.1038/s43587-025-00938-7	IL-6		Franceschi et al., Nature Aging, 2025	not_common_essential	0.00656064	0.000639596	0.0205606
LBP	INFLAMMAGING	acute_phase		Post-NASP	positive	Liver-enriched	medium		10.1016/s0898-6568(00)00149-2				not_common_essential	0.000485046	8.00639e-05	0.00134669
LEP	INFLAMMAGING	adipose_context		Post-NASP	positive	Adipose-enriched	low		10.2174/157339508784325046				not_common_essential	0.0942666	0.00483221	0.307191
LGALS3	INFLAMMAGING	myeloid_activation		Post-NASP	positive	Broad	high		10.1038/s41586-026-10542-3				not_common_essential	0.00303077	0.000399543	0.00898972
LIF	INFLAMMAGING	inflammaging_cytokine		Post-NASP	positive	Broad	medium		10.1038/s43587-025-00938-7			Franceschi et al., Nature Aging, 2025	not_common_essential	0.00906455	0.00202262	0.0203794
LPL	INFLAMMAGING	adipose_context		Post-NASP	positive	Adipose-enriched	high		10.1038/s43587-025-00952-9				not_common_essential	0.00816304	0.00265468	0.0163363
MARCO	INFLAMMAGING	myeloid_activation		Post-NASP	positive	Liver/Immune-enriched	medium		10.1182/blood-2010-03-276733				not_common_essential	0.00138932	0.000246558	0.00364679
MRC1	INFLAMMAGING	myeloid_activation		Post-NASP	inverse	Broad	high		10.4049/jimmunol.1102188				not_common_essential	0.00802622	0.000661944	0.0272827
NAMPT	INFLAMMAGING	inflammaging_cytokine		Post-NASP	positive	Broad	high		10.1038/s41556-019-0287-4				not_common_essential	0.222162	0.0618177	0.510097
PDGFA	INFLAMMAGING	inflammaging_growth_factor		Post-NASP	positive	Broad	medium		10.1038/s43587-025-00938-7			Franceschi et al., Nature Aging, 2025	not_common_essential	0.0950112	0.0345153	0.195454
PDGFB	INFLAMMAGING	inflammaging_growth_factor		Post-NASP	positive	Broad	low		10.1038/s43587-025-00938-7			Franceschi et al., Nature Aging, 2025	not_common_essential	0.0648266	0.029784	0.116002
PLA2G7	INFLAMMAGING	myeloid_activation		Post-NASP	positive	Broad	medium		10.1126/science.abg7292				not_common_essential	0.000613884	0.000120537	0.00161639
PLIN1	INFLAMMAGING	adipose_context		Post-NASP	inverse	Adipose-enriched	medium		10.1074/jbc.RA118.003541				not_common_essential	0.00111347	0.000143808	0.00327846
SAA1	INFLAMMAGING	acute_phase		Post-NASP	positive	Liver-enriched	high		10.1371/journal.pone.0217005				not_common_essential	0.00409205	0.000267411	0.0144631
SAA2	INFLAMMAGING	acute_phase		Post-NASP	positive	Liver-enriched	medium		10.1189/jlb.3VMR0315-080R				not_common_essential	0.00169504	8.53513e-05	0.00629194
SERPINE1	INFLAMMAGING	inflammaging_cytokine		Post-NASP	positive	Broad	high		10.1038/s43587-025-00938-7	PAI1		Franceschi et al., Nature Aging, 2025	not_common_essential	0.0173157	0.00620009	0.033767
SPP1	INFLAMMAGING	myeloid_activation		Post-NASP	positive	Immune-enriched	high	SASP	10.1172/jci.insight.145811				not_common_essential	0.00282285	0.00041663	0.00756033
TGFA	INFLAMMAGING	inflammaging_cytokine		Post-NASP	positive	Broad	low		10.1038/s43587-025-00938-7	TGFα		Franceschi et al., Nature Aging, 2025	not_common_essential	0.0258848	0.00503196	0.06165
TLR2	INFLAMMAGING	myeloid_activation		Post-NASP	positive	Immune-enriched	high		10.1186/s11658-026-00881-4				not_common_essential	0.000926408	0.00010804	0.0029097
TNFSF10	INFLAMMAGING	inflammaging_cytokine		Post-NASP	positive	Immune-enriched	high		10.1038/s43587-025-00938-7	TRAIL		Franceschi et al., Nature Aging, 2025	not_common_essential	0.00448973	0.000379825	0.0156657
TREM1	INFLAMMAGING	myeloid_activation		Post-NASP	positive	Myeloid-enriched	high		10.1038/s41593-024-01610-w				not_common_essential	0.0015261	0.000128569	0.00524204
TREM2	INFLAMMAGING	myeloid_activation		Post-NASP	positive	Adipose/Immune-enriched	medium		10.1038/s43587-026-01101-6				not_common_essential	0.00110428	8.30168e-05	0.00378549
VSIG4	INFLAMMAGING	myeloid_activation		Post-NASP	positive	Immune-enriched	medium		10.1038/s41586-026-10542-3				not_common_essential	0.00280683	0.000271734	0.00780911
AIM2	INFLAMMASOME	inflammasome_sensor	ALR	Early	positive	Immune-enriched	low		10.1016/j.jsb.2017.08.001		dna_sensor		not_common_essential	0.0018237	0.000355671	0.00469457
CARD8	INFLAMMASOME	inflammasome_sensor		Active	positive	Broad	medium		10.1126/science.abe1707				not_common_essential	0.00131814	0.000107129	0.00456877
CASP1	INFLAMMASOME	inflammasome_core		Active	positive	Immune-enriched	medium		10.1038/ni.1703				not_common_essential	0.00678257	0.00116468	0.0174023
CASP4	INFLAMMASOME	inflammasome_sensor		Active	positive	Broad	medium		10.1038/nature13683				not_common_essential	0.00171788	0.000186799	0.00510662
CASP5	INFLAMMASOME	inflammasome_sensor		Active	positive	Broad	low		10.1038/nature13683				not_common_essential	0.000800168	8.23983e-05	0.00248615
CASP8	INFLAMMASOME	inflammasome_core		Active	positive	Broad	medium		10.1074/jbc.M115.652321				not_common_essential	0.0173425	0.00678457	0.031009
GSDMD	INFLAMMASOME	inflammasome_output		Active	positive	Broad	medium		10.1038/nature15541				not_common_essential	0.00174332	0.00018023	0.00536541
GSDME	INFLAMMASOME	inflammasome_output		Active	positive	Broad	low		10.1126/sciimmunol.abj3859				not_common_essential	0.00118155	0.000209551	0.00323715
IL18	INFLAMMASOME	inflammasome_output		Active	positive	Myeloid-enriched	medium	NFKB_CYTOKINE_OUTPUT	10.1242/jcs.207365				not_common_essential	0.0143344	0.00288566	0.0358939
IL18BP	INFLAMMASOME	inflammasome_output		Active	positive	Broad	low		10.3390/ijms252413505				not_common_essential	0.000761624	0.000137656	0.00208569
IL1B	INFLAMMASOME	inflammasome_output		Active	positive	Myeloid-enriched	high	NFKB_CYTOKINE_OUTPUT	10.1242/jcs.207365				not_common_essential	0.0414579	0.00998333	0.0908958
IL33	INFLAMMASOME	inflammasome_output		Active	positive	Epithelial-enriched	high		10.1242/jcs.207365				not_common_essential	0.00111405	0.000127099	0.00332843
NAIP	INFLAMMASOME	inflammasome_sensor	NLR	Post-NASP	positive	Intestinal-enriched	high		10.1016/j.coi.2015.01.010				common_essential	0.000603705	6.73536e-05	0.00189596
NLRC4	INFLAMMASOME	inflammasome_core	NLR	Active	positive	Myeloid-enriched	low		10.1073/pnas.1710433114				not_common_essential	0.00436389	0.00150476	0.00862607
NLRP1	INFLAMMASOME	inflammasome_sensor	NLR	Early	positive	Immune-enriched	medium	NASP_RNA_SENSING	10.1126/science.abd0811		rna_sensor		not_common_essential	0.00268723	0.000677947	0.00615108
NLRP3	INFLAMMASOME	inflammasome_sensor	NLR	Post-NASP	positive	Immune-enriched	low		10.1111/acel.13050		inflammasome_sensor		not_common_essential	0.0194985	0.00908629	0.0318287
NLRP6	INFLAMMASOME	inflammasome_sensor	NLR	Post-NASP	positive	Intestinal-enriched	low		10.1038/s42003-022-03491-w				not_common_essential	0.00334611	0.000289186	0.0105626
PYCARD	INFLAMMASOME	inflammasome_core		Active	positive	Immune-enriched	high		10.1242/jcs.207365				not_common_essential	0.00445532	0.000268756	0.0154631
ASNS	ISR	isr_output		Active	positive	Broad	medium		10.1016/S0021-9258(19)61468-7				not_common_essential	0.0250845	0.0095008	0.0506428
ATF4	ISR	isr_transcriptional_effector		Active	positive	Broad	high		10.1016/j.biocel.2007.01.020				common_essential	0.0182748	0.00040893	0.0758005
ATF5	ISR	isr_transcriptional_effector		Active	positive	Broad	medium		10.1091/mbc.e13-01-0067				not_common_essential	0.00828954	0.000693264	0.0189058
DDIT3	ISR	isr_output		Active	positive	Broad	high		10.1128/MCB.20.19.7192-7204.2000				not_common_essential	0.0379556	0.00102995	0.126531
DDIT4	ISR	isr_output		Active	positive	Broad	high		10.1016/j.cellsig.2013.08.038				not_common_essential	0.0125156	0.00185328	0.0314425
EIF2AK2	ISR	isr_sensor_kinase	PKR	Early	positive	Broad	high	NASP_RNA_SENSING	10.1016/S1357-2725(96)00169-0		rna_sensor		not_common_essential	0.021497	0.0105888	0.0355189
EIF2S1	ISR	isr_core		Early	positive	Broad	medium		10.1038/s41586-025-08794-6				common_essential	0.227492	0.0614424	0.539671
G3BP1	ISR	isr_stress_granule		Active	positive	Broad	medium		10.1016/j.cell.2020.03.046				not_common_essential	0.110655	0.0430559	0.230289
G3BP2	ISR	isr_stress_granule		Active	positive	Broad	high		10.1016/j.cell.2020.03.046				not_common_essential	0.31156	0.136035	0.553158
HERPUD1	ISR	isr_output		Active	positive	Broad	high		10.1074/jbc.M002063200				not_common_essential	0.0970603	0.0408135	0.186802
PMAIP1	ISR	isr_output		Active	positive	Broad	high		10.1091/mbc.e13-01-0067				not_common_essential	0.0154379	0.00138368	0.0496293
PPP1R15A	ISR	isr_feedback		Active	positive	Broad	high		10.1128/MCB.20.19.7192-7204.2000	GADD34			not_common_essential	0.010661	0.000312133	0.0392188
TRIB3	ISR	isr_feedback		Active	positive	Broad	low		10.1074/jbc.M611723200				not_common_essential	0.00230648	0.000384638	0.00605682
MTOR	METABOLIC_CONTEXT	mtor_signaling		Active	positive	Broad	medium	INFLAMMAGING|SASP	10.1038/369756a0				common_essential	0.141788	0.092402	0.207585
PRKAA1	METABOLIC_CONTEXT	ampk_signaling		Active	positive	Adipose/Immune-enriched	medium		10.1038/nature09932	AMPKα1			not_common_essential	0.0773262	0.039382	0.134638
PRKAA2	METABOLIC_CONTEXT	ampk_signaling		Active	positive	Liver-enriched	medium		10.1038/nature09932	AMPKα2			not_common_essential	0.0185227	0.011178	0.0273686
RICTOR	METABOLIC_CONTEXT	mtor_signaling		Active	positive	Broad	high		10.1016/j.cub.2004.06.054				not_common_essential	0.149053	0.0961491	0.21846
RPS6KB1	METABOLIC_CONTEXT	mtor_signaling		Active	positive	Liver/Adipose-enriched	medium		10.1016/S0092-8674(02)00808-5				not_common_essential	0.348288	0.130039	0.631626
RPTOR	METABOLIC_CONTEXT	mtor_signaling		Active	positive	Broad	high		10.1016/S0092-8674(02)00833-4				common_essential	0.228462	0.132131	0.35601
STK11	METABOLIC_CONTEXT	ampk_signaling		Active	positive	Broad	medium		10.1016/j.cub.2003.10.031				not_common_essential	0.181192	0.0674749	0.365362
BIRC3	NFKB_CYTOKINE_OUTPUT	nfkb_output		Active	positive	Broad	medium		10.1016/B978-0-12-801430-1.00002-0	c-IAP2			not_common_essential	0.0259845	0.0126843	0.0446025
CCL2	NFKB_CYTOKINE_OUTPUT	nfkb_output		Active	positive	Broad	medium	SASP; NFKB_CYTOKINE_OUTPUT	10.4049/jimmunol.153.5.2052	MCP-1			not_common_essential	0.0489921	0.0128433	0.11407
CXCL1	NFKB_CYTOKINE_OUTPUT	nfkb_output		Active	positive	Broad	high	SASP; NFKB_CYTOKINE_OUTPUT	10.1152/ajpendo.00347.2013				not_common_essential	0.010754	0.000763955	0.0340541
CXCL8	NFKB_CYTOKINE_OUTPUT	nfkb_output		Active	positive	Broad	high	NFKB_CYTOKINE_OUTPUT	10.1128/mcb.13.10.6137-6146.1993				not_common_essential	0.000988691	0.000102379	0.00304981
ICAM1	NFKB_CYTOKINE_OUTPUT	nfkb_output		Active	positive	Broad	medium	NFKB_CYTOKINE_OUTPUT	10.1016/S0021-9258(17)37586-5				not_common_essential	0.0233281	0.00193145	0.0532726
IL1A	NFKB_CYTOKINE_OUTPUT	nfkb_output		Early	positive	Broad	medium		10.1182/blood.V87.8.3410.bloodjournal8783410				not_common_essential	0.00218897	0.00028524	0.00633744
IL1B	NFKB_CYTOKINE_OUTPUT	nfkb_output		Active	positive	Myeloid-enriched	high		10.1128/mcb.13.10.6231-6240.1993				not_common_essential	0.0414579	0.00998333	0.0908958
IL6	NFKB_CYTOKINE_OUTPUT	nfkb_output		Active	positive	Broad	medium	SASP	10.1128/mcb.10.5.2327-2334.1990				not_common_essential	0.00656064	0.000639596	0.0205606
LCN2	NFKB_CYTOKINE_OUTPUT	nfkb_output		Active	positive	Broad	high		10.1189/jlb.1208719	NGAL			not_common_essential	0.000811485	6.3582e-05	0.00276991
NFKBIZ	NFKB_CYTOKINE_OUTPUT	nfkb_output		Active	positive	Broad	high		10.1073/pnas.1912702117	IκBζ			not_common_essential	0.131545	0.0679901	0.223308
PTGS2	NFKB_CYTOKINE_OUTPUT	nfkb_output		Active	positive	Broad	high		10.1023/a:1019927616000				not_common_essential	0.0901807	0.0437051	0.16095
TNF	NFKB_CYTOKINE_OUTPUT	nfkb_output		Early	positive	Broad	medium	SENESCENCE|SIGNALING_CONTEXT	10.1084/jem.171.1.35				not_common_essential	0.081908	0.0281914	0.172593
VCAM1	NFKB_CYTOKINE_OUTPUT	nfkb_output		Active	positive	Epithelial-enriched	low		10.1016/S0021-9258(18)42004-2				not_common_essential	0.0341274	0.0122445	0.0744024
ACVR1B	SASP	sasp_output		Post-NASP	positive	Broad	medium		10.1038/s41467-022-32552-1			SenMayo	not_common_essential	0.271003	0.137924	0.445347
ANG	SASP	sasp_output		Post-NASP	positive	Broad	medium		10.1038/s41467-022-32552-1			SenMayo	not_common_essential	0.00867031	0.00108294	0.0268128
ANGPT1	SASP	sasp_output		Post-NASP	positive	Endothelial-enriched	medium		10.1038/s41467-022-32552-1			SenMayo	not_common_essential	0.0660562	0.0317861	0.116556
ANGPTL4	SASP	sasp_output		Post-NASP	positive	Broad	medium		10.1038/s41467-022-32552-1			SenMayo	not_common_essential	0.00167643	0.000202118	0.00509542
AREG	SASP	sasp_output		Post-NASP	positive	Broad	high		10.1038/s41467-022-32552-1			SenMayo	not_common_essential	0.0515756	0.00803325	0.147758
AXL	SASP	sasp_receptor		Post-NASP	positive	Broad	medium		10.1038/s41467-022-32552-1			SenMayo	not_common_essential	0.0253194	0.0124457	0.0408565
BEX3	SASP	sasp_output		Post-NASP	positive	Neural-enriched	high		10.1038/s41467-022-32552-1			SenMayo	not_common_essential	0.200516	0.0321708	0.539032
BMP2	SASP	sasp_output		Post-NASP	positive	Broad	low		10.1038/s41467-022-32552-1			SenMayo	not_common_essential	0.109012	0.0462848	0.20618
BMP6	SASP	sasp_output		Post-NASP	positive	Broad	low		10.1038/s41467-022-32552-1			SenMayo	not_common_essential	0.0537983	0.0163944	0.117078
BRD4	SASP	sasp_regulator		Post-NASP	positive	Broad	high		10.1158/2159-8290.CD-16-0217				common_essential	0.671309	0.29564	0.96006
CCL1	SASP	sasp_output		Post-NASP	positive	Immune-enriched	low		10.1038/s41467-022-32552-1			SenMayo	not_common_essential	0.00177732	0.000130031	0.00623852
CCL13	SASP	sasp_output		Post-NASP	positive	Immune-enriched	low		10.1038/s41467-022-32552-1			SenMayo	not_common_essential	0.0014114	7.93406e-05	0.0049946
CCL16	SASP	sasp_output		Post-NASP	positive	Immune-enriched	low		10.1038/s41467-022-32552-1			SenMayo	not_common_essential	0.00199455	9.69972e-05	0.00745398
CCL2	SASP	sasp_output		Post-NASP	positive	Broad	medium	NFKB_CYTOKINE_OUTPUT	10.1038/s41580-024-00738-8			SenNet	not_common_essential	0.0489921	0.0128433	0.11407
CCL20	SASP	sasp_output		Post-NASP	positive	Broad	medium	NFKB_CYTOKINE_OUTPUT	10.3389/fimmu.2023.1216376				not_common_essential	0.00534026	0.00108114	0.0138174
CCL24	SASP	sasp_output		Post-NASP	positive	Immune-enriched	low		10.1038/s41467-022-32552-1			SenMayo	not_common_essential	0.00469769	0.0011921	0.0109251
CCL26	SASP	sasp_output		Post-NASP	positive	Immune-enriched	low		10.1038/s41467-022-32552-1			SenMayo	not_common_essential	0.00058077	6.15654e-05	0.00175995
CCL3	SASP	sasp_output		Post-NASP	positive	Broad	high		10.1038/s41580-024-00738-8			SenNet	not_common_essential	0.00192561	8.61327e-05	0.00713714
CCL3L1	SASP	sasp_output		Post-NASP	positive	Immune-enriched	high		10.1038/s41467-022-32552-1			SenMayo	not_screened	0.00945494	0.000259142	0.0375459
CCL4	SASP	sasp_output		Post-NASP	positive	Broad	high		10.1038/s41580-024-00738-8			SenNet	not_common_essential	0.0041176	6.54372e-05	0.0164559
CCL5	SASP	sasp_output		Post-NASP	positive	Broad	high	NFKB_CYTOKINE_OUTPUT	10.1038/s41580-024-00738-8			SenNet	not_common_essential	0.0024536	0.000288504	0.00715274
CCL7	SASP	sasp_output		Post-NASP	positive	Broad	low		10.1038/s41580-024-00738-8			SenNet	not_common_essential	0.00184037	0.000171361	0.00609691
CCL8	SASP	sasp_output		Post-NASP	positive	Broad	low		10.1038/s41580-024-00738-8			SenNet	not_common_essential	0.00100505	9.82559e-05	0.00330191
CD55	SASP	sasp_output		Post-NASP	positive	Broad	high		10.1038/s41467-022-32552-1			SenMayo	not_common_essential	0.00322422	0.000738838	0.0076388
CD9	SASP	sasp_output		Post-NASP	positive	Broad	high		10.1038/s41467-022-32552-1			SenMayo	not_common_essential	0.0143701	0.0039313	0.0309233
CEBPB	SASP	sasp_regulator		Post-NASP	positive	Broad	high		10.1016/j.exger.2019.110752				not_common_essential	0.195316	0.0073035	0.675264
CSF1	SASP	sasp_output		Post-NASP	positive	Broad	medium		10.1038/s41467-022-32552-1			SenMayo	not_common_essential	0.0892372	0.0269222	0.199865
CSF2	SASP	sasp_output		Post-NASP	positive	Broad	low		10.1038/s41580-024-00738-8			SenNet	not_common_essential	0.0285151	0.00304865	0.0867766
CSF2RB	SASP	sasp_receptor		Post-NASP	positive	Immune-enriched	medium		10.1038/s41467-022-32552-1			SenMayo	not_common_essential	0.0308749	0.0133378	0.0546892
CSF3	SASP	sasp_output		Post-NASP	positive	Broad	medium		10.1038/s41580-024-00738-8			SenNet	not_common_essential	0.034367	0.00372861	0.0909774
CST4	SASP	sasp_output		Post-NASP	positive	Salivary-enriched	medium		10.1038/s41467-022-32552-1			SenMayo	not_common_essential	0.00118126	9.74512e-05	0.00399753
CTNNB1	SASP	sasp_regulator		Post-NASP	positive	Broad	high		10.1038/s41467-022-32552-1			SenMayo	not_common_essential	0.445594	0.161462	0.809889
CTSB	SASP	sasp_output		Post-NASP	positive	Broad	high		10.1038/s41467-022-32552-1			SenMayo	not_common_essential	0.00536118	0.00132352	0.0125836
CXCL1	SASP	sasp_output		Post-NASP	positive	Broad	high	NFKB_CYTOKINE_OUTPUT	10.1038/s41580-024-00738-8			SenNet	not_common_essential	0.010754	0.000763955	0.0340541
CXCL10	SASP	sasp_output		Post-NASP	positive	Broad	medium		10.1038/s41580-024-00738-8			SenNet	not_common_essential	0.00665129	0.000815543	0.0208033
CXCL12	SASP	sasp_output		Post-NASP	positive	Broad	high		10.1038/s41467-022-32552-1			SenMayo	not_common_essential	0.0140831	0.00248266	0.036079
CXCL16	SASP	sasp_output		Post-NASP	positive	Broad	high		10.1038/s41580-024-00738-8			SenNet	not_common_essential	0.00459994	0.00038366	0.0152164
CXCL2	SASP	sasp_output		Post-NASP	positive	Broad	high	NFKB_CYTOKINE_OUTPUT	10.1038/s41580-024-00738-8			SenNet	not_common_essential	0.00226991	0.000117097	0.00840326
CXCL3	SASP	sasp_output		Post-NASP	positive	Broad	medium	NFKB_CYTOKINE_OUTPUT	10.1038/s41467-022-32552-1			SenMayo	not_common_essential	0.00242222	0.000168726	0.00831948
CXCL8	SASP	sasp_output		Post-NASP	positive	Broad	high		10.1038/s41580-024-00738-8			SenNet	not_common_essential	0.000988691	0.000102379	0.00304981
CXCR2	SASP	sasp_receptor		Post-NASP	positive	Immune-enriched	medium		10.1038/s41467-022-32552-1			SenMayo	not_common_essential	0.0132064	0.0021454	0.0342599
DKK1	SASP	sasp_output		Post-NASP	positive	Broad	medium		10.1038/s41467-022-32552-1			SenMayo	not_common_essential	0.0208511	0.0029623	0.0512771
EDN1	SASP	sasp_output		Post-NASP	positive	Endothelial-enriched	medium		10.1038/s41467-022-32552-1			SenMayo	not_common_essential	0.0268475	0.00497123	0.0652654
EGF	SASP	sasp_output		Post-NASP	positive	Broad	high		10.1038/s41467-022-32552-1			SenMayo	not_common_essential	0.00825116	0.0044364	0.0128916
EGFR	SASP	sasp_receptor		Post-NASP	positive	Broad	high		10.1038/s41467-022-32552-1			SenMayo	not_common_essential	0.0693613	0.046289	0.099255
EREG	SASP	sasp_output		Post-NASP	positive	Broad	medium		10.1038/s41467-022-32552-1			SenMayo	not_common_essential	0.00185206	0.000143359	0.00624407
ESM1	SASP	sasp_output		Post-NASP	positive	Endothelial-enriched	low		10.1038/s41467-022-32552-1			SenMayo	not_common_essential	0.0229439	0.00750056	0.0476118
ETS2	SASP	sasp_regulator		Post-NASP	positive	Broad	high		10.1038/s41467-022-32552-1			SenMayo	not_common_essential	0.167291	0.0734297	0.305192
EXOC7	SASP	sasp_regulator		Post-NASP	positive	Broad	medium		10.1016/j.ccell.2018.06.007				common_essential	0.0200817	0.0107847	0.0315892
FGF1	SASP	sasp_output		Post-NASP	positive	Broad	medium		10.1038/s41467-022-32552-1			SenMayo	not_common_essential	0.0148343	0.00236899	0.0421796
FGF2	SASP	sasp_output		Post-NASP	positive	Broad	low		10.1038/s41467-022-32552-1			SenMayo	not_common_essential	0.0152958	0.00206434	0.0374297
FGF7	SASP	sasp_output		Post-NASP	positive	Epithelial-enriched	medium		10.1038/s41467-022-32552-1			SenMayo	not_common_essential	0.0456565	0.0163893	0.0925677
GATA4	SASP	sasp_regulator		Post-NASP	positive	Broad	medium		10.1126/science.aaa5612				not_common_essential	0.115189	0.0430002	0.23861
GDF15	SASP	sasp_output		Post-NASP	positive	Broad	high		10.1038/s41580-024-00738-8			SenNet	not_common_essential	0.00111295	7.9374e-05	0.00392041
GEM	SASP	sasp_output		Post-NASP	positive	Broad	medium		10.1038/s41467-022-32552-1			SenMayo	not_common_essential	0.0034949	0.000624957	0.00884087
GMFG	SASP	sasp_output		Post-NASP	positive	Immune-enriched	high		10.1038/s41467-022-32552-1			SenMayo	not_common_essential	0.00240524	0.000473941	0.00615701
HGF	SASP	sasp_output		Post-NASP	positive	Broad	medium		10.1038/s41580-024-00738-8			SenNet	not_common_essential	0.0576797	0.0367236	0.0855627
ICAM1	SASP	sasp_output		Post-NASP	positive	Broad	medium		10.1038/s41580-024-00738-8			SenNet	not_common_essential	0.0233281	0.00193145	0.0532726
ICAM3	SASP	sasp_output		Post-NASP	positive	Broad	high		10.1038/s41580-024-00738-8			SenNet	not_common_essential	0.000792747	9.93548e-05	0.00230052
IFNG	SASP	sasp_output		Post-NASP	positive	Broad	medium	IFN_GAMMA_OUTPUT	10.1038/s41580-024-00738-8			SenNet	not_common_essential	0.0256338	0.00346299	0.0728496
IGF1	SASP	sasp_output		Post-NASP	positive	Broad	medium		10.1038/s41580-024-00738-8			SenNet	not_common_essential	0.061258	0.0237826	0.124375
IGFBP1	SASP	sasp_output		Post-NASP	positive	Liver-enriched	high		10.1038/s41467-022-32552-1			SenMayo	not_common_essential	0.00154168	0.000126678	0.00517234
IGFBP2	SASP	sasp_output		Post-NASP	positive	Broad	high		10.1038/s41580-024-00738-8			SenNet	not_common_essential	0.0519934	0.0202494	0.102064
IGFBP3	SASP	sasp_output		Post-NASP	positive	Broad	high		10.1038/s41580-024-00738-8			SenNet	not_common_essential	0.064135	0.0128642	0.156138
IGFBP4	SASP	sasp_output		Post-NASP	positive	Broad	high		10.1038/s41580-024-00738-8			SenNet	not_common_essential	0.0227074	0.005229	0.0501758
IGFBP5	SASP	sasp_output		Post-NASP	positive	Broad	high		10.1038/s41580-024-00738-8			SenNet	not_common_essential	0.161538	0.0443526	0.372997
IGFBP6	SASP	sasp_output		Post-NASP	positive	Broad	high		10.1038/s41467-022-32552-1			SenMayo	not_common_essential	0.00901997	0.00214233	0.0204237
IGFBP7	SASP	sasp_output		Post-NASP	positive	Broad	high		10.1038/s41580-024-00738-8			SenNet	not_common_essential	0.0185782	0.00522648	0.0392512
IL10	SASP	sasp_output		Post-NASP	positive	Immune-enriched	low		10.1038/s41467-022-32552-1			SenMayo	not_common_essential	0.0260983	0.00753315	0.0532876
IL11	SASP	sasp_output		Post-NASP	positive	Broad	low	INFLAMMAGING	10.1038/s12276-019-0371-7				not_common_essential	0.00139372	0.000142399	0.00449739
IL11RA	SASP	sasp_receptor		Post-NASP	positive	Broad	high		10.1038/s12276-019-0371-7				not_common_essential	0.00206718	0.000515904	0.00474523
IL13	SASP	sasp_output		Post-NASP	positive	Immune-enriched	low		10.1038/s41467-022-32552-1			SenMayo	not_common_essential	0.00367075	0.000107669	0.0150009
IL15	SASP	sasp_output		Post-NASP	positive	Broad	medium		10.1038/s41467-022-32552-1			SenMayo	not_common_essential	0.0131044	0.000359454	0.0514911
IL17A	SASP	sasp_output		Post-NASP	positive	Broad	low		10.1038/s41580-024-00738-8			SenNet	not_common_essential	0.00579684	0.000450395	0.0199076
IL18	SASP	sasp_output		Post-NASP	positive	Immune-enriched	medium		10.1038/s41467-022-32552-1			SenMayo	not_common_essential	0.0143344	0.00288566	0.0358939
IL1A	SASP	sasp_output		Post-NASP	positive	Broad	medium		10.1038/s41580-024-00738-8			SenNet	not_common_essential	0.00218897	0.00028524	0.00633744
IL1B	SASP	sasp_output		Post-NASP	positive	Broad	high	NFKB_CYTOKINE_OUTPUT	10.1038/s41580-024-00738-8			SenNet	not_common_essential	0.0414579	0.00998333	0.0908958
IL2	SASP	sasp_output		Post-NASP	positive	Immune-enriched	low		10.1038/s41467-022-32552-1			SenMayo	not_common_essential	0.0367295	0.0058498	0.0986829
IL32	SASP	sasp_output		Post-NASP	positive	Immune-enriched	high		10.1038/s41467-022-32552-1			SenMayo	not_common_essential	0.00116794	0.000118939	0.00366768
IL6	SASP	sasp_output		Post-NASP	positive	Broad	medium	NFKB_CYTOKINE_OUTPUT	10.1038/s41580-024-00738-8			SenNet	not_common_essential	0.00656064	0.000639596	0.0205606
IL6R	SASP	sasp_receptor		Post-NASP	positive	Broad	medium		10.1126/science.3136546				not_common_essential	0.00607849	0.000375054	0.0189742
IL6ST	SASP	sasp_receptor		Post-NASP	positive	Broad	high		10.1111/acel.14258				not_common_essential	0.0843523	0.0451713	0.141132
IL7	SASP	sasp_output		Post-NASP	positive	Broad	high		10.1038/s41580-024-00738-8			SenNet	not_common_essential	0.0691441	0.000308008	0.267515
INHA	SASP	sasp_output		Post-NASP	positive	Gonadal-enriched	medium		10.1038/s41467-022-32552-1			SenMayo	not_common_essential	0.00877936	0.00137155	0.0223523
INHBA	SASP	sasp_output		Post-NASP	positive	Broad	medium		10.1038/s41580-024-00738-8			SenNet	not_common_essential	0.19644	0.0712123	0.390823
IQGAP2	SASP	sasp_output		Post-NASP	positive	Liver-enriched	high		10.1038/s41467-022-32552-1			SenMayo	not_common_essential	0.00250919	0.000435837	0.00629326
ITGA2	SASP	sasp_receptor		Post-NASP	positive	Broad	medium		10.1038/s41467-022-32552-1			SenMayo	not_common_essential	0.0115849	0.00661889	0.0176027
ITPKA	SASP	sasp_output		Post-NASP	positive	Neural-enriched	low		10.1038/s41467-022-32552-1			SenMayo	not_common_essential	0.0564282	0.0241953	0.105261
JUN	SASP	sasp_regulator		Post-NASP	positive	Broad	high		10.1038/s41467-022-32552-1			SenMayo	not_common_essential	0.25512	0.0364418	0.639508
KITLG	SASP	sasp_output		Post-NASP	positive	Broad	medium		10.1038/s41467-022-32552-1			SenMayo	not_common_essential	0.108852	0.0303697	0.255897
LCP1	SASP	sasp_output		Post-NASP	positive	Immune-enriched	high		10.1038/s41467-022-32552-1			SenMayo	not_common_essential	0.0565327	0.0299619	0.0946431
MAPK14	SASP	sasp_regulator		Post-NASP	positive	Broad	medium		10.1038/s41580-024-00738-8			SenNet	not_common_essential	0.0780113	0.0358548	0.145064
MAPKAPK2	SASP	sasp_regulator		Post-NASP	positive	Broad	medium		10.1038/ncb3225				not_common_essential	0.18786	0.0860508	0.336571
MIF	SASP	sasp_output		Post-NASP	positive	Broad	high		10.1038/s41467-022-32552-1			SenMayo	not_common_essential	0.00380621	0.000403924	0.011544
MMP1	SASP	sasp_output		Post-NASP	positive	Broad	high		10.1038/s41580-024-00738-8			SenNet	not_common_essential	0.000483793	6.62597e-05	0.00139362
MMP10	SASP	sasp_output		Post-NASP	positive	Broad	medium		10.1038/s41580-024-00738-8			SenNet	not_common_essential	0.000440816	5.55717e-05	0.00126903
MMP12	SASP	sasp_output		Post-NASP	positive	Broad	low		10.1038/s41580-024-00738-8			SenNet	not_common_essential			
MMP13	SASP	sasp_output		Post-NASP	positive	Broad	low		10.1038/s41580-024-00738-8			SenNet	not_common_essential	0.00277639	0.000532326	0.00698204
MMP14	SASP	sasp_output		Post-NASP	positive	Broad	medium		10.1038/s41467-022-32552-1			SenMayo	not_common_essential	0.0871457	0.0506023	0.136794
MMP2	SASP	sasp_output		Post-NASP	positive	Broad	high		10.1038/s41580-024-00738-8			SenNet	not_common_essential	0.0610023	0.0312453	0.103166
MMP3	SASP	sasp_output		Post-NASP	positive	Broad	low		10.1038/s41580-024-00738-8			SenNet	not_common_essential	0.000543715	9.1926e-05	0.00150879
MMP9	SASP	sasp_output		Post-NASP	positive	Broad	medium		10.1038/s41580-024-00738-8			SenNet	not_common_essential	0.000757186	8.64726e-05	0.00230875
NAP1L4	SASP	sasp_output		Post-NASP	positive	Broad	medium		10.1038/s41467-022-32552-1			SenMayo	not_common_essential	0.0765923	0.0397667	0.130556
NFKB1	SASP	sasp_regulator		Post-NASP	positive	Broad	high	SENESCENCE|SASP|SIGNALING_CONTEXT	10.1038/s41580-024-00738-8			SenNet	not_common_essential	0.298297	0.146788	0.498546
NOTCH1	SASP	sasp_regulator		Post-NASP	positive	Broad	low		10.1038/ncb3397				not_common_essential	0.230659	0.143667	0.34194
NOTCH2	SASP	sasp_regulator		Post-NASP	positive	Broad	medium		10.1016/j.celrep.2019.03.104				not_common_essential	0.161058	0.104468	0.233392
NOTCH3	SASP	sasp_regulator		Post-NASP	positive	Broad	low		10.1158/0008-5472.CAN-12-3902				not_common_essential	0.0772851	0.0504407	0.113231
NRG1	SASP	sasp_output		Post-NASP	positive	Broad	high		10.1038/s41467-022-32552-1			SenMayo	not_common_essential	0.0927337	0.0435619	0.17145
PAPPA	SASP	sasp_output		Post-NASP	positive	Broad	high		10.1038/s41467-022-32552-1			SenMayo	not_common_essential	0.0509702	0.0342245	0.0721164
PECAM1	SASP	sasp_receptor		Post-NASP	positive	Endothelial-enriched	medium		10.1038/s41467-022-32552-1			SenMayo	not_common_essential			
PGF	SASP	sasp_output		Post-NASP	positive	Endothelial-enriched	medium		10.1038/s41467-022-32552-1			SenMayo	not_common_essential	0.0327051	0.00429741	0.0845582
PLAT	SASP	sasp_output		Post-NASP	positive	Broad	medium		10.1038/s41467-022-32552-1			SenMayo	not_common_essential	0.015861	0.00143891	0.0353272
PLAU	SASP	sasp_output		Post-NASP	positive	Broad	high		10.1038/s41467-022-32552-1			SenMayo	not_common_essential	0.00496313	0.000997928	0.0121616
PTBP1	SASP	sasp_regulator		Post-NASP	positive	Broad	medium		10.1016/j.ccell.2018.06.007				not_common_essential	0.252546	0.0898728	0.517448
PTGER2	SASP	sasp_receptor		Post-NASP	positive	Broad	low		10.1038/s41467-022-32552-1			SenMayo	not_common_essential	0.00302026	0.000290683	0.00962146
PTGES	SASP	sasp_output		Post-NASP	positive	Broad	low		10.1038/s41467-022-32552-1			SenMayo	not_common_essential	0.0299574	0.00691846	0.0731297
RPS6KA5	SASP	sasp_regulator		Post-NASP	positive	Broad	medium		10.1038/s41467-022-32552-1			SenMayo	not_common_essential	0.0881455	0.047438	0.147034
SCAMP4	SASP	sasp_output		Post-NASP	positive	Broad	low		10.1038/s41467-022-32552-1			SenMayo	not_common_essential	0.0116843	0.00174915	0.0277136
SELPLG	SASP	sasp_receptor		Post-NASP	positive	Immune-enriched	high		10.1038/s41467-022-32552-1			SenMayo	not_common_essential	0.00376922	0.000306151	0.0129652
SEMA3F	SASP	sasp_output		Post-NASP	positive	Broad	low		10.1038/s41467-022-32552-1			SenMayo	not_common_essential	0.113767	0.065915	0.180841
SERPINB4	SASP	sasp_output		Post-NASP	positive	Epithelial-enriched	high		10.1038/s41467-022-32552-1			SenMayo	not_common_essential	0.0013979	9.61061e-05	0.0048849
SERPINE1	SASP	sasp_output		Post-NASP	positive	Broad	high	INFLAMMAGING	10.1038/s41580-024-00738-8			SenNet	not_common_essential	0.0173157	0.00620009	0.033767
SERPINE2	SASP	sasp_output		Post-NASP	positive	Broad	high		10.1038/s41467-022-32552-1			SenMayo	not_common_essential	0.0567011	0.0278656	0.0981207
SPP1	SASP	sasp_output		Post-NASP	positive	Broad	high	SASP	10.1038/s41580-024-00738-8			SenNet	not_common_essential	0.00282285	0.00041663	0.00756033
SPX	SASP	sasp_output		Post-NASP	positive	Endocrine-enriched	low		10.1038/s41467-022-32552-1			SenMayo	not_common_essential	0.0028818	0.00043871	0.00812696
TFEB	SASP	sasp_regulator		Active	positive	Broad	medium		10.3390/cells11193153				not_common_essential	0.0994249	0.045022	0.187207
TGFB1	SASP	sasp_output		Post-NASP	positive	Broad	high		10.1038/s41580-024-00738-8			SenNet	not_common_essential	0.0607953	0.028284	0.110776
TIMP2	SASP	sasp_output		Post-NASP	positive	Broad	high		10.1038/s41580-024-00738-8			SenNet	not_common_essential	0.0771613	0.0303337	0.154694
TNF	SASP	sasp_output		Post-NASP	positive	Broad	medium		10.1038/s41580-024-00738-8			SenNet	not_common_essential	0.081908	0.0281914	0.172593
TNFRSF10C	SASP	sasp_receptor		Post-NASP	positive	Broad	low		10.1038/s41467-022-32552-1			SenMayo	not_common_essential	0.00113773	0.000110305	0.0036926
TNFRSF11B	SASP	sasp_receptor		Post-NASP	positive	Broad	medium		10.1038/s41467-022-32552-1			SenMayo	not_common_essential	0.0347394	0.0138323	0.0637836
TNFRSF1A	SASP	sasp_receptor		Post-NASP	positive	Broad	medium		10.1038/s41580-024-00738-8			SenNet	not_common_essential	0.147319	0.0534302	0.307445
TNFRSF1B	SASP	sasp_receptor		Post-NASP	positive	Broad	high		10.1038/s41580-024-00738-8			SenNet	not_common_essential	0.0380542	0.0119162	0.0762336
TUBGCP2	SASP	sasp_output		Post-NASP	positive	Broad	low		10.1038/s41467-022-32552-1			SenMayo	common_essential	0.0110925	0.00392375	0.0203637
VEGFA	SASP	sasp_output		Post-NASP	positive	Broad	high	INFLAMMAGING	10.1038/s41580-024-00738-8			SenNet	not_common_essential	0.0158462	0.00612022	0.028292
VEGFC	SASP	sasp_output		Post-NASP	positive	Endothelial-enriched	low		10.1038/s41467-022-32552-1			SenMayo	not_common_essential	0.0501895	0.0201516	0.0972242
VGF	SASP	sasp_output		Post-NASP	positive	Neural-enriched	high		10.1038/s41467-022-32552-1			SenMayo	not_common_essential	0.0480063	0.00639092	0.112588
WNT16	SASP	sasp_output		Post-NASP	positive	Broad	low		10.1038/s41467-022-32552-1			SenMayo	not_common_essential	0.00540165	0.000855284	0.0145081
WNT2	SASP	sasp_output		Post-NASP	positive	Broad	low		10.1038/s41467-022-32552-1			SenMayo	not_common_essential	0.0278447	0.0117658	0.0499438
ZFP36L1	SASP	sasp_regulator		Post-NASP	positive	Broad	high		10.1038/ncb3225				not_common_essential	0.24211	0.0468209	0.592014
AKT1	SENESCENCE	senescence_survival		Post-NASP	positive	Broad	medium		10.1038/s41580-024-00738-8			SenNet	not_common_essential	0.149809	0.0508848	0.341636
ATM	SENESCENCE	senescence_core		Post-NASP	positive	Broad	high		10.1038/s41580-024-00738-8			SenNet	not_common_essential	0.00793926	0.00368625	0.0126392
B2M	SENESCENCE	senescence_core		Post-NASP	positive	Immune-enriched	high	INFLAMMAGING|SENESCENCE	10.1038/cddis.2014.489				not_common_essential	0.0270408	0.00709687	0.0647216
BCL2	SENESCENCE	senescence_survival		Post-NASP	positive	Broad	high		10.1038/s41580-024-00738-8			SenNet	not_common_essential	0.0881159	0.0435532	0.152155
BCL2L1	SENESCENCE	senescence_survival		Post-NASP	positive	Broad	high		10.1038/s41580-024-00738-8			SenNet	common_essential	0.122592	0.0570502	0.218028
BCL2L2	SENESCENCE	senescence_survival		Post-NASP	positive	Broad	low		10.1038/s41580-024-00738-8			SenNet	not_common_essential	0.0390014	0.00520062	0.143552
CCND1	SENESCENCE	senescence_proliferation_inverse		Post-NASP	inverse	Broad	high		10.1038/s41580-024-00738-8			SenNet	common_essential	0.0672999	0.0240462	0.137492
CDKN1A	SENESCENCE	senescence_core		Post-NASP	positive	Broad	high		10.1038/s41580-024-00738-8			SenNet	not_common_essential	0.0156098	0.00145099	0.0393901
CDKN2A	SENESCENCE	senescence_core		Post-NASP	positive	Broad	medium		10.1038/s41580-024-00738-8			SenNet	not_common_essential	0.0176157	0.000209601	0.0705987
CDKN2B	SENESCENCE	senescence_core		Post-NASP	positive	Broad	low		10.1038/s41580-024-00738-8			SenNet	not_common_essential	0.00138936	0.000119459	0.00470316
CHEK1	SENESCENCE	senescence_core		Post-NASP	positive	Broad	low		10.1038/s41580-024-00738-8			SenNet	common_essential	0.01204	0.00630974	0.0191365
DPP4	SENESCENCE	senescence_surface		Post-NASP	positive	Broad	medium		10.1101/gad.302570.117				not_common_essential	0.00349345	0.000949415	0.00812249
E2F1	SENESCENCE	senescence_proliferation_inverse		Post-NASP	inverse	Broad	low		10.1038/s41580-024-00738-8			SenNet	not_common_essential	0.209751	0.0628285	0.461106
FAS	SENESCENCE	senescence_surface		Post-NASP	positive	Broad	low		10.1038/s41580-024-00738-8			SenNet	not_common_essential	0.0263773	0.00766793	0.0566925
FOXO4	SENESCENCE	senescence_survival		Post-NASP	positive	Broad	low		10.1016/j.cell.2017.02.031				not_common_essential	0.0718705	0.0202459	0.174306
GLB1	SENESCENCE	senescence_core		Post-NASP	positive	Broad	medium		10.1038/s41580-024-00738-8			SenNet	not_common_essential	0.00521868	0.00223855	0.00959981
H2AX	SENESCENCE	senescence_core		Post-NASP	positive	Broad	medium		10.1038/s41580-024-00738-8			SenNet	common_essential	0.200423	0.00532406	0.718914
HMGA1	SENESCENCE	senescence_core		Post-NASP	positive	Broad	high		10.1016/j.cell.2006.05.052				common_essential	0.277685	0.041801	0.715037
HMGA2	SENESCENCE	senescence_core		Post-NASP	positive	Broad	high		10.1016/j.cell.2006.05.052				not_common_essential	0.178544	0.0373812	0.446257
HMGB1	SENESCENCE	senescence_proliferation_inverse		Post-NASP	inverse	Broad	high		10.1038/s41580-024-00738-8			SenNet	common_essential	0.437426	0.00180945	0.995396
HMGB2	SENESCENCE	senescence_proliferation_inverse		Post-NASP	inverse	Broad	high		10.1083/jcb.201608026				not_common_essential	0.293459	0.056388	0.710171
LMNB1	SENESCENCE	senescence_core		Post-NASP	inverse	Broad	medium		10.1038/s41580-024-00738-8			SenNet	not_common_essential	0.0803557	0.0355015	0.152751
LMNB2	SENESCENCE	senescence_core		Post-NASP	inverse	Broad	low		10.1038/s41580-024-00738-8			SenNet	not_common_essential	0.310179	0.103501	0.632103
MCL1	SENESCENCE	senescence_survival		Post-NASP	positive	Broad	high	MITOCHONDRIAL_NA_SENSING	10.1038/s41580-024-00738-8			SenNet	common_essential	0.086098	0.0138556	0.222294
MDM2	SENESCENCE	senescence_core		Post-NASP	positive	Broad	medium		10.1038/s41580-024-00738-8			SenNet	common_essential	0.185154	0.0830389	0.338691
MICA	SENESCENCE	senescence_surface		Post-NASP	positive	Broad	low		10.18632/aging.100897				not_common_essential	0.00151225	0.000110845	0.00522903
MICB	SENESCENCE	senescence_surface		Post-NASP	positive	Broad	medium		10.1172/jci.insight.124716				not_common_essential	0.000998308	9.26347e-05	0.00330071
MKI67	SENESCENCE	senescence_proliferation_inverse		Post-NASP	inverse	Broad	medium		10.1038/s41580-024-00738-8			SenNet	not_common_essential	0.00554779	0.00107076	0.0128554
PIK3CA	SENESCENCE	senescence_survival		Post-NASP	positive	Broad	medium		10.1038/s41580-024-00738-8			SenNet	common_essential	0.238183	0.122632	0.407758
RB1	SENESCENCE	senescence_core		Post-NASP	inverse	Broad	high		10.1038/s41580-024-00738-8			SenNet	not_common_essential	0.274167	0.136372	0.467284
TAF1	SENESCENCE	senescence_core		Post-NASP	positive	Broad	medium		10.1038/s41580-024-00738-8			SenNet	common_essential	0.436591	0.194632	0.737013
TP53	SENESCENCE	senescence_core		Post-NASP	positive	Broad	low		10.1038/s41580-024-00738-8			SenNet	not_common_essential	0.0785008	0.0336761	0.150928
TP53BP1	SENESCENCE	senescence_core		Post-NASP	inverse	Broad	high		10.1038/s41580-024-00738-8			SenNet	not_common_essential	0.10377	0.0656021	0.155237
ULBP1	SENESCENCE	senescence_surface		Post-NASP	positive	Broad	low		10.18632/aging.100897				not_common_essential	0.00145555	7.22234e-05	0.00532529
ULBP2	SENESCENCE	senescence_surface		Post-NASP	positive	Broad	low		10.18632/aging.100897				not_common_essential	0.00127143	0.000100431	0.00433767
ULBP3	SENESCENCE	senescence_surface		Post-NASP	positive	Broad	low		10.18632/aging.100897				not_common_essential	0.00126167	9.16974e-05	0.00442993
BTK	SIGNALING_CONTEXT_TBK1_IRF	signal_kinase	cGAS-STING	Active	positive	Immune-enriched	low		10.1016/j.celrep.2015.01.039				not_common_essential	0.361292	0.129422	0.677081
CHUK	SIGNALING_CONTEXT_NFKB	signal_transduction		Active	positive	Broad	low		10.1002/embr.201337983				not_common_essential	0.0932332	0.0514923	0.153954
ELAVL1	SIGNALING_CONTEXT_NFKB	signal_transduction	Multi	Active	positive	Broad	medium		10.1038/s44318-024-00331-x				not_common_essential	0.328092	0.0730215	0.765512
HNRNPM	SIGNALING_CONTEXT_TBK1_IRF	signal_transduction	Multi	Active	positive	Broad	high		10.1038/s44318-024-00331-x				common_essential	0.582288	0.183453	0.954394
IKBKB	SIGNALING_CONTEXT_NFKB	signal_transduction		Active	positive	Broad	medium		10.1002/embr.201337983				not_common_essential	0.0483198	0.020369	0.0911715
IKBKE	SIGNALING_CONTEXT_TBK1_IRF	signal_transduction		Active	positive	Broad	low		10.1038/ni921				not_common_essential	0.0338742	0.018382	0.0536429
IKBKG	SIGNALING_CONTEXT_NFKB	signal_transduction		Active	positive	Broad	low		10.1002/embr.201337983				not_common_essential	0.0678805	0.00185438	0.249151
IRAK1	SIGNALING_CONTEXT_TLR	signal_kinase	TLR	Early	positive	Broad	low	SIGNALING_CONTEXT|IFN_I_OUTPUT	10.1084/jem.20042372				not_common_essential	0.140864	0.0420269	0.340456
IRAK2	SIGNALING_CONTEXT_TLR	signal_transduction	TLR	Active	positive	Broad	medium		10.3389/fimmu.2023.1133354				not_common_essential	0.00101907	0.000156305	0.00286568
IRAK4	SIGNALING_CONTEXT_TLR	signal_kinase	TLR	Early	positive	Broad	low	SIGNALING_CONTEXT|IFN_I_OUTPUT	10.1016/j.immuni.2005.09.016				not_common_essential	0.00207388	0.000213857	0.00667202
IRF1	SIGNALING_CONTEXT_IFN_JAK_STAT	transcriptional_effector		Active	positive	Broad	high		10.1073/pnas.0607181103				not_common_essential	0.191044	0.0653975	0.409088
IRF3	SIGNALING_CONTEXT_TBK1_IRF	transcriptional_effector		Early	positive	Broad	medium		10.1038/ni921				not_common_essential	0.0194102	0.0065341	0.0378978
IRF5	SIGNALING_CONTEXT_TLR	transcriptional_effector		Active	positive	Immune-enriched	low		10.1093/intimm/dxy032				not_common_essential	0.0210662	0.00898414	0.0386397
IRF7	SIGNALING_CONTEXT_TBK1_IRF	transcriptional_effector		Active	positive	Broad	medium	SIGNALING_CONTEXT	10.1038/nature03464				not_common_essential	0.0016852	0.000177989	0.00508512
IRF9	SIGNALING_CONTEXT_IFN_JAK_STAT	transcriptional_effector		Active	positive	Broad	medium		10.4161/jkst.27521				not_common_essential	0.0542737	0.0242567	0.0987757
JAK1	SIGNALING_CONTEXT_IFN_JAK_STAT	signal_transduction		Active	positive	Broad	high		10.1038/s41392-021-00791-1				not_common_essential	0.1594	0.0919865	0.250656
JAK2	SIGNALING_CONTEXT_IFN_JAK_STAT	signal_transduction		Active	positive	Broad	medium		10.1038/s41392-021-00791-1				not_common_essential	0.0512126	0.0373657	0.0680744
MAP3K7	SIGNALING_CONTEXT_NFKB	signal_kinase	Multi	Active	positive	Broad	medium		10.1038/ni1255				not_common_essential	0.193193	0.0938489	0.336003
MYD88	SIGNALING_CONTEXT_TLR	adaptor_signaling	TLR	Early	positive	Broad	medium		10.1038/ni758				not_common_essential	0.0237659	0.00885597	0.0446924
NFKB1	SIGNALING_CONTEXT_NFKB	transcriptional_effector		Early	positive	Broad	high	SENESCENCE|SASP|SIGNALING_CONTEXT	10.1101/cshperspect.a000034				not_common_essential	0.298297	0.146788	0.498546
NFKB2	SIGNALING_CONTEXT_NFKB	transcriptional_effector		Early	positive	Broad	medium	SIGNALING_CONTEXT	10.1101/cshperspect.a000034				not_common_essential	0.168956	0.0869616	0.292046
OTULIN	SIGNALING_CONTEXT_NFKB	ubiquitin_regulation		Active	inverse	Broad	medium		10.1016/j.molcel.2014.03.016				not_common_essential	0.0492051	0.0196804	0.0942272
PARP14	SIGNALING_CONTEXT_IFN_JAK_STAT	transcriptional_effector		Active	positive	Broad	high	SIGNALING_CONTEXT	10.1038/s41467-023-41737-1				not_common_essential	0.0254332	0.0128121	0.0403478
REL	SIGNALING_CONTEXT_NFKB	transcriptional_effector		Early	positive	Broad	high	SIGNALING_CONTEXT	10.1101/cshperspect.a000034				not_common_essential	0.13	0.0628903	0.230535
RELA	SIGNALING_CONTEXT_NFKB	transcriptional_effector		Early	positive	Broad	low	SASP|SIGNALING_CONTEXT	10.1101/cshperspect.a000034				not_common_essential	0.211534	0.097341	0.377052
RELB	SIGNALING_CONTEXT_NFKB	transcriptional_effector		Early	positive	Broad	medium	SIGNALING_CONTEXT	10.1101/cshperspect.a000034				not_common_essential	0.174318	0.065892	0.358821
RIPK2	SIGNALING_CONTEXT_NFKB	signal_transduction	Multi	Active	positive	Immune-enriched	low		10.1038/s41467-018-06451-3				not_common_essential	0.0576135	0.0301826	0.0970157
SENP2	SIGNALING_CONTEXT_NFKB	ubiquitin_regulation	Multi	Active	inverse	Broad	medium		10.1093/jmcb/mjr020				not_common_essential	0.140311	0.0740511	0.233669
SENP7	SIGNALING_CONTEXT_TBK1_IRF	signal_transduction	cGAS-STING	Active	positive	Broad	high		10.1371/journal.ppat.1006156				not_common_essential	0.0468083	0.0246894	0.0820204
STAT1	SIGNALING_CONTEXT_IFN_JAK_STAT	transcriptional_effector		Active	positive	Broad	high		10.1038/nrm909				not_common_essential	0.148102	0.0694966	0.27245
STAT2	SIGNALING_CONTEXT_IFN_JAK_STAT	transcriptional_effector		Active	positive	Broad	medium		10.4161/jkst.27521				not_common_essential	0.0374597	0.021006	0.0617666
STAT3	SIGNALING_CONTEXT_IFN_JAK_STAT	transcriptional_effector		Active	positive	Broad	high		10.1038/s41392-021-00791-1				not_common_essential	0.355992	0.155254	0.63111
TBK1	SIGNALING_CONTEXT_TBK1_IRF	signal_transduction		Early	positive	Broad	medium		10.1038/ni921				not_common_essential	0.0464553	0.0269761	0.0709412
TICAM1	SIGNALING_CONTEXT_TLR	adaptor_signaling	TLR	Early	positive	Broad	low	NASP_RNA_SENSING	10.1038/ni886				not_common_essential	0.0219156	0.00210825	0.0722743
TICAM2	SIGNALING_CONTEXT_TLR	adaptor_signaling	TLR	Early	positive	Immune-enriched	low		10.1038/nri1391				not_common_essential	0.00383446	0.000897195	0.00916715
TIRAP	SIGNALING_CONTEXT_TLR	adaptor_signaling	TLR	Early	positive	Broad	low		10.1155/2023/2899271				not_common_essential	0.000759334	8.62213e-05	0.00239341
TLR4	SIGNALING_CONTEXT_TLR	surface_tlr_sensor	TLR	Post-NASP	positive	Adipose/Immune-enriched	medium	NFKB_CYTOKINE_OUTPUT	10.3892/ijmm.2020.4530		lps_sensor		not_common_essential	0.00281602	0.000821745	0.00601443
TRAF3	SIGNALING_CONTEXT_TBK1_IRF	adaptor_signaling	cGAS-STING	Early	positive	Broad	medium	NFKB_CYTOKINE_OUTPUT	10.1038/s41392-022-01287-2				not_common_essential	0.187071	0.100339	0.304817
TRAF6	SIGNALING_CONTEXT_TLR	adaptor_signaling	cGAS-STING	Early	positive	Broad	low		10.1016/j.bbrc.2019.05.022				not_common_essential	0.124155	0.0516268	0.235379
TRIM21	SIGNALING_CONTEXT_TBK1_IRF	ubiquitin_regulation		Active	inverse	Broad	low		10.1038/ni.2492				not_common_essential	0.00679083	0.00256383	0.0131512
TRIM3	SIGNALING_CONTEXT_TLR	ubiquitin_regulation	TLR	Active	positive	Broad	low		10.1073/pnas.2002472117				not_common_essential	0.122934	0.0727312	0.190007
TRIM56	SIGNALING_CONTEXT_TBK1_IRF	ubiquitin_regulation	cGAS-STING	Active	positive	Broad	medium		10.1038/s41467-018-02936-3				not_common_essential	0.0163778	0.00398251	0.033968
UNC93B1	SIGNALING_CONTEXT_TLR	adaptor_signaling	TLR	Early	positive	Broad	low		10.7554/eLife.00291				not_common_essential	0.0129106	0.000415153	0.0509121
XBP1	SIGNALING_CONTEXT_TLR	transcriptional_effector	TLR	Active	positive	Broad	high		10.1038/ni.1857				not_common_essential	0.0522458	0.0209584	0.102895
IFNAR1	SIGNALING_CONTEXT_IFN_JAK_STAT	signal_transduction		Active	positive	Broad	medium		10.1016/0092-8674(90)90738-Z				not_common_essential	0.00194798	0.000205575	0.00624108
IFNAR2	SIGNALING_CONTEXT_IFN_JAK_STAT	signal_transduction		Active	positive	Broad	medium		10.1074/jbc.270.37.21606				not_common_essential	0.00225157	0.000471434	0.0053957
IFIT5	IFN_I_OUTPUT	ifn_antiviral_effector		Active	positive	Broad	low		10.1073/pnas.1412842111				not_common_essential	0.00642951	0.000398413	0.0210694
CARD11	SIGNALING_CONTEXT_NFKB	adaptor_signaling		early	positive	Immune-enriched	medium		10.1093/emboj/cdf505				not_common_essential	0.120431	0.0638501	0.200087
IL18R1	SIGNALING_CONTEXT_NFKB	signal_transduction		early	positive	Immune-enriched	low		10.1074/jbc.272.41.25737	CD218a			not_common_essential	0.00511748	0.000978028	0.0132017
RIPK1	SIGNALING_CONTEXT_NFKB	signal_transduction		Active	positive	Broad	low		10.1016/S1074-7613(00)80252-6				not_common_essential	0.0263155	0.0089785	0.0487243
CD14	SIGNALING_CONTEXT_TLR	surface_tlr_sensor	TLR	early	positive	Myeloid-enriched	high		10.1016/j.cell.2011.09.051				not_common_essential	0.001718	0.000115924	0.00599425
CD70	INFLAMMAGING	inflammaging_cytokine		Active	positive	Immune-enriched	low		10.1016/0092-8674(93)90133-B	TNFSF7; CD27LG			not_common_essential	0.0164662	0.00119779	0.0546461
TNFRSF11A	SIGNALING_CONTEXT_NFKB	signal_transduction		early	positive	Immune-enriched	low		10.1074/jbc.274.12.7724	RANK			not_common_essential	0.0310431	0.0126494	0.0560634
TNFRSF14	SIGNALING_CONTEXT_NFKB	signal_transduction		Active	positive	Immune-enriched	high		10.1074/jbc.272.22.14029				not_common_essential	0.0290464	0.00184511	0.0825524
TNFSF13B	INFLAMMAGING	inflammaging_cytokine		Active	positive	Immune-enriched	medium		10.1084/jem.190.11.1697	BAFF			not_common_essential	0.202816	0.0508023	0.48842
TRAF5	SIGNALING_CONTEXT_NFKB	adaptor_signaling		early	positive	Immune-enriched	medium	SIGNALING_CONTEXT_NFKB	10.1073/pnas.96.17.9803				not_common_essential	0.00755859	0.0029924	0.0140809
ZC3H12A	NASP_FEEDBACK	induced_negative_regulator		Active	positive	Broad	medium	NASP_FEEDBACK	10.1038/nature07924				not_common_essential	0.0651865	0.0326832	0.114405
METTL3	SIGNALING_CONTEXT_TLR	dna_sensing_endosomal	TLR	Active	positive	Broad	low		10.1016/j.jbc.2024.107226				common_essential	0.0173537	0.00863755	0.0304512
YTHDF1	SIGNALING_CONTEXT_TLR	dna_sensing_endosomal	TLR	Active	positive	Immune-enriched	low		10.1016/j.jbc.2024.107226				not_common_essential	0.20563	0.0883972	0.377654
ATG16L1	AUTOPHAGY	autophagy_casm	cGAS-STING	Active	positive	Broad	low		10.1083/jcb.202009128				not_common_essential	0.0821183	0.0523064	0.121165
CALCOCO2	AUTOPHAGY	selective_autophagy		Active	positive	Broad	medium		10.1038/ni.1800	NDP52			not_common_essential	0.00703601	0.00083056	0.0192729
GABARAP	AUTOPHAGY	autophagy_core		Active	positive	Broad	high		10.1038/emboj.2010.74				not_common_essential	0.0509665	0.0141842	0.116605
PIK3C3	AUTOPHAGY	autophagy_core		Active	positive	Broad	medium		10.1091/mbc.e08-01-0080				common_essential	0.0182772	0.0108021	0.0269648
RB1CC1	AUTOPHAGY	autophagy_core		Active	positive	Broad	high		10.1091/mbc.e08-12-1249	FIP200			not_common_essential	0.160823	0.103336	0.234369
TAX1BP1	AUTOPHAGY	selective_autophagy	TLR	Active	positive	Broad	high	NASP_FEEDBACK	10.1371/journal.ppat.1006600				not_common_essential	0.0205244	0.0122724	0.0310732
ULK1	AUTOPHAGY	autophagy_core		Active	positive	Broad	medium		10.1091/mbc.e08-12-1249				not_common_essential	0.0552101	0.0322905	0.0885888
WIPI2	AUTOPHAGY	autophagy_core		Active	positive	Broad	medium		10.1016/j.molcel.2014.05.021				not_common_essential	0.0455013	0.0244699	0.0752562
LRRC8C	CGAMP_TRANSPORT	cgamp_transport	cGAS-STING	Early	positive	Broad	medium		10.1016/j.molcel.2020.10.021				not_common_essential	0.0445971	0.0296935	0.0642412
LRRC8E	CGAMP_TRANSPORT	cgamp_transport	cGAS-STING	Early	positive	Broad	low		10.1016/j.molcel.2020.10.021				not_common_essential	0.00246972	0.000390758	0.00696492
CX3CR1	IMMUNOSENESCENCE	t_cell_immunosenescence		Post-NASP	positive	Immune-enriched	low		10.1016/j.immuni.2016.10.018				not_common_essential	0.00777441	0.00191653	0.0191469
TCF7	IMMUNOSENESCENCE	t_cell_immunosenescence		Post-NASP	inverse	Immune-enriched	high		10.1016/j.immuni.2016.07.021	TCF1			not_common_essential	0.0183794	0.00438281	0.0416799
CYLD	NASP_FEEDBACK	induced_negative_regulator	RLR	Active	positive	Broad	medium		10.1038/embor.2008.136				not_common_essential	0.146783	0.0834547	0.233099
TNIP1	NASP_FEEDBACK	induced_negative_regulator	TLR	Active	positive	Broad	high		10.1084/jem.20102177	ABIN-1			not_common_essential	0.059403	0.0275108	0.110414
TANK	NASP_FEEDBACK	induced_negative_regulator	TLR	Active	positive	Broad	high	SIGNALING_CONTEXT_TBK1_IRF	10.1038/ni.1771				not_common_essential	0.0769578	0.0282105	0.151531
TBKBP1	SIGNALING_CONTEXT_TBK1_IRF	adaptor_signaling		Active	positive	Broad	low		10.1038/sj.emboj.7601743				not_common_essential	0.0384563	0.0164222	0.0775375
AZI2	SIGNALING_CONTEXT_TBK1_IRF	adaptor_signaling	Multi	Active	positive	Broad	medium	SIGNALING_CONTEXT_TLR	10.4049/jimmunol.177.12.8676	NAP1			not_common_essential	0.0294717	0.014123	0.049728
USP25	SIGNALING_CONTEXT_TBK1_IRF	ubiquitin_regulation	Multi	Active	positive	Broad	high	SIGNALING_CONTEXT_NFKB	10.1073/pnas.1509968112				not_common_essential	0.0506295	0.0332258	0.0734506
TRIM41	NASP_RESTRICTION	te_restriction_factor	cGAS-STING	Early	positive	Broad	low		10.1038/s41467-023-43001-y				not_common_essential	0.0778807	0.0410905	0.131112
