gene_symbol	hgnc_id	hgnc_symbol	entrez_id	symbol_match	depmap_essentiality	shet_post_mean	shet_post_lower_95	shet_post_upper_95
AIM2	HGNC:357	AIM2	9447	approved	not_common_essential	0.0018237	0.000355671	0.00469457
CGAS	HGNC:21367	CGAS	115004	approved	not_common_essential	0.00114308	0.000111287	0.00362328
DDX41	HGNC:18674	DDX41	51428	approved	common_essential	0.0202501	0.0114355	0.0308882
DHX36	HGNC:14410	DHX36	170506	approved	common_essential	0.0634367	0.041011	0.0922737
DHX9	HGNC:2750	DHX9	1660	approved	common_essential	0.484762	0.188918	0.858618
HNRNPA2B1	HGNC:5033	HNRNPA2B1	3181	approved	not_common_essential	0.341931	0.087894	0.758554
IFI16	HGNC:5395	IFI16	3428	approved	not_common_essential	0.00360891	0.000111916	0.0145265
JMJD6	HGNC:19355	JMJD6	23210	approved	not_common_essential	0.0720297	0.0391374	0.118202
KAT5	HGNC:5275	KAT5	10524	approved	common_essential	0.0576618	0.0290532	0.100058
LMNB1	HGNC:6637	LMNB1	4001	approved	not_common_essential	0.0803557	0.0355015	0.152751
LRRFIP1	HGNC:6702	LRRFIP1	9208	approved	not_common_essential	0.0151172	0.00422464	0.0277294
LSM14A	HGNC:24489	LSM14A	26065	approved	not_common_essential	0.0634569	0.0275759	0.121276
MNDA	HGNC:7183	MNDA	4332	approved	not_common_essential	0.00122576	6.95649e-05	0.00451911
MRE11	HGNC:7230	MRE11	4361	approved	common_essential	0.00364374	0.0010811	0.00759291
PCBP1	HGNC:8647	PCBP1	5093	approved	common_essential	0.327192	0.022405	0.838908
POLR3A	HGNC:30074	POLR3A	11128	approved	common_essential	0.00966172	0.00501653	0.0151951
POLR3B	HGNC:30348	POLR3B	55703	approved	common_essential	0.00247113	0.000318009	0.00603801
PPT1	HGNC:9325	PPT1	5538	approved	not_common_essential	0.00901389	0.00430495	0.0150667
PQBP1	HGNC:9330	PQBP1	10084	approved	not_common_essential	0.28116	0.072192	0.620012
PRKDC	HGNC:9413	PRKDC	5591	approved	common_essential	0.511914	0.277572	0.820253
PYHIN1	HGNC:28894	PYHIN1	149628	approved	not_common_essential	0.000955454	6.95973e-05	0.00327121
RAD50	HGNC:9816	RAD50	10111	approved	not_common_essential	0.00449025	0.00149327	0.00869434
RPSA	HGNC:6502	RPSA	3921	approved	common_essential	0.117622	7.34944e-07	0.976037
SLFN11	HGNC:26633	SLFN11	91607	approved	not_common_essential	0.00129516	0.000101987	0.00441139
STING1	HGNC:27962	STING1	340061	approved	not_common_essential	0.0258478	0.00689122	0.0610937
TLR9	HGNC:15633	TLR9	54106	approved	not_common_essential	0.00784932	0.000734228	0.0209074
TOP1	HGNC:11986	TOP1	7150	approved	common_essential	0.453442	0.235315	0.700769
TRIM14	HGNC:16283	TRIM14	9830	approved	not_common_essential	0.00977416	0.00232798	0.0228345
XRCC5	HGNC:12833	XRCC5	7520	approved	common_essential	0.137787	0.0715512	0.234114
XRCC6	HGNC:4055	XRCC6	2547	approved	common_essential	0.157937	0.0684247	0.29981
ZBP1	HGNC:16176	ZBP1	81030	approved	not_common_essential	0.00100338	0.000110625	0.00300173
ZCCHC3	HGNC:16230	ZCCHC3	85364	approved	not_common_essential	0.0242711	0.000278821	0.108598
ZYG11B	HGNC:25820	ZYG11B	79699	approved	not_common_essential	0.136814	0.0670255	0.241489
DDX1	HGNC:2734	DDX1	1653	approved	not_common_essential	0.0859529	0.0401584	0.155416
DDX21	HGNC:2744	DDX21	9188	approved	common_essential	0.16497	0.0879762	0.273351
DDX58	HGNC:19102	RIGI	23586	previous	not_common_essential	0.00126183	0.000250545	0.00321646
DDX6	HGNC:2747	DDX6	1656	approved	common_essential	0.308015	0.138564	0.536945
DDX60	HGNC:25942	DDX60	55601	approved	not_common_essential	0.00476598	0.000756908	0.0116741
DDX60L	HGNC:26429	DDX60L	91351	approved	not_common_essential	0.00049094	5.76932e-05	0.00146029
DHX16	HGNC:2739	DHX16	8449	approved	common_essential	0.0161568	0.0102602	0.0224928
DHX33	HGNC:16718	DHX33	56919	approved	common_essential	0.0066547	0.00215864	0.0132931
DHX58	HGNC:29517	DHX58	79132	approved	not_common_essential	0.000752953	9.14163e-05	0.00231151
EIF2AK2	HGNC:9437	EIF2AK2	5610	approved	not_common_essential	0.021497	0.0105888	0.0355189
IFIH1	HGNC:18873	IFIH1	64135	approved	not_common_essential	0.000352594	4.69686e-05	0.000982979
ITPRIP	HGNC:29370	ITPRIP	85450	approved	not_common_essential	0.0012847	0.000126211	0.00399858
KDM1A	HGNC:29079	KDM1A	23028	approved	not_common_essential	0.131044	0.0693268	0.222726
LYST	HGNC:1968	LYST	1130	approved	not_common_essential	0.049664	0.0368736	0.0653823
MAVS	HGNC:29233	MAVS	57506	approved	not_common_essential	0.00274429	0.000390061	0.00748098
MEX3C	HGNC:28040	MEX3C	51320	approved	not_common_essential	0.136261	0.0484192	0.297093
NLRP1	HGNC:14374	NLRP1	22861	approved	not_common_essential	0.00268723	0.000677947	0.00615108
NOD2	HGNC:5331	NOD2	64127	approved	not_common_essential	0.000512573	5.76673e-05	0.00158425
OAS1	HGNC:8086	OAS1	4938	approved	not_common_essential	0.00059546	1.32388e-05	0.00273409
OAS2	HGNC:8087	OAS2	4939	approved	not_common_essential	0.000662365	4.27627e-05	0.00228191
OAS3	HGNC:8088	OAS3	4940	approved	not_common_essential	0.000449835	6.1863e-05	0.0012743
PARP9	HGNC:24118	PARP9	83666	approved	not_common_essential	0.00396499	0.000691685	0.0106904
PPP1CA	HGNC:9281	PPP1CA	5499	approved	common_essential	0.139537	0.0457893	0.312827
PPP1CC	HGNC:9283	PPP1CC	5501	approved	not_common_essential	0.157575	0.0614017	0.317535
PPP1R12C	HGNC:14947	PPP1R12C	54776	approved	not_common_essential	0.0637312	0.0366734	0.101852
RNASE2	HGNC:10045	RNASE2	6036	approved	not_common_essential	0.00958576	0.000829042	0.0322916
RNASET2	HGNC:21686	RNASET2	8635	approved	not_common_essential	0.00306377	0.000420537	0.00881274
RNF135	HGNC:21158	RNF135	84282	approved	not_common_essential	0.000976765	0.000119987	0.00306657
SIDT1	HGNC:25967	SIDT1	54847	approved	not_common_essential	0.000778554	0.000240504	0.00174366
SIDT2	HGNC:24272	SIDT2	51092	approved	not_common_essential	0.0182933	0.00976961	0.0281043
SLC15A4	HGNC:23090	SLC15A4	121260	approved	not_common_essential	0.00818427	0.00237008	0.017466
TASL	HGNC:25667	TASL	80231	approved	not_common_essential	0.163137	0.0297611	0.433478
TLR3	HGNC:11849	TLR3	7098	approved	not_common_essential	0.00836415	0.00267059	0.0168594
TLR7	HGNC:15631	TLR7	51284	approved	not_common_essential	0.138111	0.0348474	0.333808
TLR8	HGNC:15632	TLR8	51311	approved	not_common_essential	0.0544855	0.0236934	0.105398
TRIM25	HGNC:12932	TRIM25	7706	approved	not_common_essential	0.0147556	0.00264337	0.0323852
TRIM4	HGNC:16275	TRIM4	89122	approved	not_common_essential	0.000634349	7.43176e-05	0.00178241
YWHAE	HGNC:12851	YWHAE	7531	approved	not_common_essential	0.457448	0.0824917	0.925115
YWHAH	HGNC:12853	YWHAH	7533	approved	not_common_essential	0.14785	0.0373303	0.397743
ZC3HAV1	HGNC:23721	ZC3HAV1	56829	approved	not_common_essential	0.0240001	0.0120118	0.0390374
BAK1	HGNC:949	BAK1	578	approved	not_common_essential	0.00670052	0.00167001	0.0153757
BAX	HGNC:959	BAX	581	approved	not_common_essential	0.0471284	0.0133193	0.100564
CMPK2	HGNC:27015	CMPK2	129607	approved	not_common_essential	0.0010398	0.000141825	0.00308816
MT-ATP8	HGNC:7415	MT-ATP8	4509	approved	not_screened			
MT-ND1	HGNC:7455	MT-ND1	4535	approved	not_screened			
MT-ND6	HGNC:7462	MT-ND6	4541	approved	not_screened			
PNPT1	HGNC:23166	PNPT1	87178	approved	common_essential	0.0245246	0.0126308	0.0385697
POLRMT	HGNC:9200	POLRMT	5442	approved	common_essential	0.000978824	9.29825e-05	0.0031889
PPIF	HGNC:9259	PPIF	10105	approved	not_common_essential	0.00515725	0.000667253	0.0146314
REXO2	HGNC:17851	REXO2	25996	approved	not_common_essential	0.0191874	0.00374875	0.0418571
TFAM	HGNC:11741	TFAM	7019	approved	common_essential	0.027061	0.00443422	0.0633488
VDAC1	HGNC:12669	VDAC1	7416	approved	common_essential	0.121383	0.0369344	0.27598
VDAC2	HGNC:12672	VDAC2	7417	approved	not_common_essential	0.0516165	0.00896076	0.128355
VDAC3	HGNC:12674	VDAC3	7419	approved	not_common_essential	0.278815	0.0672158	0.652589
YME1L1	HGNC:12843	YME1L1	10730	approved	not_common_essential	0.0850936	0.0527424	0.128181
SLC25A33	HGNC:29681	SLC25A33	84275	approved	not_common_essential	0.0209267	0.00479025	0.0528007
DUSP1	HGNC:3064	DUSP1	1843	approved	not_common_essential	0.035091	0.0150487	0.0643424
NFKBIA	HGNC:7797	NFKBIA	4792	approved	not_common_essential	0.269331	0.0687722	0.621655
SOCS1	HGNC:19383	SOCS1	8651	approved	not_common_essential	0.0689179	0.0109877	0.18592
SOCS3	HGNC:19391	SOCS3	9021	approved	not_common_essential	0.124377	0.022311	0.328488
TNFAIP3	HGNC:11896	TNFAIP3	7128	approved	not_common_essential	0.175038	0.0800803	0.317221
USP18	HGNC:12616	USP18	11274	approved	common_essential	0.00487536	0.000510792	0.0156706
ZFP36	HGNC:12862	ZFP36	7538	approved	not_common_essential	0.0876915	0.0238096	0.208371
AARS1	HGNC:20	AARS1	16	approved	common_essential	0.0224592	0.0134817	0.0327156
AARS2	HGNC:21022	AARS2	57505	approved	common_essential	0.00593754	0.00155063	0.0123652
ADAR	HGNC:225	ADAR	103	approved	not_common_essential	0.0663931	0.0416446	0.0989072
APOBEC3A	HGNC:17343	APOBEC3A	200315	approved	not_common_essential	0.000935335	7.65002e-05	0.00319185
APOBEC3B	HGNC:17352	APOBEC3B	9582	approved	not_common_essential	0.00277121	0.000147319	0.0100775
ATF7IP	HGNC:20092	ATF7IP	55729	approved	not_common_essential	0.239084	0.126871	0.389522
ATG9A	HGNC:22408	ATG9A	79065	approved	not_common_essential	0.0875296	0.050538	0.138726
AURKA	HGNC:11393	AURKA	6790	approved	common_essential	0.0742603	0.0335149	0.136416
BNIP3	HGNC:1084	BNIP3	664	approved	not_common_essential	0.0172672	0.00438073	0.0387857
BNIP3L	HGNC:1085	BNIP3L	665	approved	not_common_essential	0.0539137	0.0198349	0.109808
C1QBP	HGNC:1243	C1QBP	708	approved	not_common_essential	0.00926948	0.00206255	0.0207017
CDK1	HGNC:1722	CDK1	983	approved	common_essential	0.318163	0.0812947	0.6962
DDX46	HGNC:18681	DDX46	9879	approved	common_essential	0.235408	0.116277	0.416088
DNASE1L3	HGNC:2959	DNASE1L3	1776	approved	not_common_essential	0.00273795	0.000350136	0.00832742
DNASE2	HGNC:2960	DNASE2	1777	approved	not_common_essential	0.00829996	0.00156493	0.0213926
DNMT1	HGNC:2976	DNMT1	1786	approved	common_essential	0.226459	0.121992	0.377167
DNMT3A	HGNC:2978	DNMT3A	1788	approved	not_common_essential	0.00630405	0.00239612	0.0114465
ENPP1	HGNC:3356	ENPP1	5167	approved	not_common_essential	0.0149211	0.00837044	0.0228577
FARSA	HGNC:3592	FARSA	2193	approved	common_essential	0.0298896	0.0165407	0.0468374
HDAC1	HGNC:4852	HDAC1	3065	approved	not_common_essential	0.0814085	0.0333476	0.164615
HNRNPC	HGNC:5035	HNRNPC	3183	approved	common_essential	0.51	0.0979664	0.952965
IQGAP1	HGNC:6110	IQGAP1	8826	approved	not_common_essential	0.0642238	0.048683	0.0825143
MARCHF8	HGNC:23356	MARCHF8	220972	approved	not_common_essential	0.00864248	0.00385402	0.0151044
MECP2	HGNC:6990	MECP2	4204	approved	not_common_essential	0.194067	0.020043	0.608276
MFN1	HGNC:18262	MFN1	55669	approved	not_common_essential	0.0165598	0.00618865	0.0289043
MORC2	HGNC:23573	MORC2	22880	approved	not_common_essential	0.109591	0.0674455	0.166684
MOV10	HGNC:7200	MOV10	4343	approved	not_common_essential	0.0579137	0.0338818	0.0910901
MPHOSPH8	HGNC:29810	MPHOSPH8	54737	approved	not_common_essential	0.0298473	0.0153996	0.0481891
NLRC3	HGNC:29889	NLRC3	197358	approved	not_common_essential	0.00121081	8.7581e-05	0.00370133
NSUN2	HGNC:25994	NSUN2	54888	approved	not_common_essential	0.025364	0.0113835	0.0419064
OTUD3	HGNC:29038	OTUD3	23252	approved	not_common_essential	0.00606074	0.00145424	0.0132643
PCBP2	HGNC:8648	PCBP2	5094	approved	common_essential	0.441868	0.0969164	0.909365
PINK1	HGNC:14581	PINK1	65018	approved	not_common_essential	0.00158286	0.000240901	0.00436309
PLD3	HGNC:17158	PLD3	23646	approved	not_common_essential	0.011232	0.00303444	0.0240083
PLD4	HGNC:23792	PLD4	122618	approved	not_common_essential	0.00058833	5.73519e-05	0.00189059
PPHLN1	HGNC:19369	PPHLN1	51535	approved	not_common_essential	0.0134905	0.00338585	0.0256066
PRKN	HGNC:8607	PRKN	5071	approved	not_common_essential	0.00106125	0.000223737	0.00282339
PRKRA	HGNC:9438	PRKRA	8575	approved	common_essential	0.0608461	0.0219943	0.124944
PRMT1	HGNC:5187	PRMT1	3276	approved	common_essential	0.598102	0.142406	0.981188
PRMT5	HGNC:10894	PRMT5	10419	approved	common_essential	0.166388	0.0764692	0.306115
RIOK3	HGNC:11451	RIOK3	8780	approved	not_common_essential	0.0181591	0.00687681	0.0323214
RNASEH2A	HGNC:18518	RNASEH2A	10535	approved	not_common_essential	0.00928204	0.00141453	0.0251324
RNASEH2B	HGNC:25671	RNASEH2B	79621	approved	not_common_essential	0.00219958	0.00011035	0.00818186
RNASEH2C	HGNC:24116	RNASEH2C	84153	approved	not_common_essential	0.00159248	0.000217708	0.0048402
SAMHD1	HGNC:15925	SAMHD1	25939	approved	not_common_essential	0.0124195	0.00651618	0.0198158
SDCBP	HGNC:10662	SDCBP	6386	approved	not_common_essential	0.0159403	0.00294758	0.0418654
SETDB1	HGNC:10761	SETDB1	9869	approved	common_essential	0.148584	0.0783488	0.259139
SIGLEC10	HGNC:15620	SIGLEC10	89790	approved	not_common_essential	0.00474082	0.000855524	0.0127538
SIRT6	HGNC:14934	SIRT6	51548	approved	not_common_essential	0.0164899	0.00518895	0.0324378
SKIV2L	HGNC:10898	SKIC2	6499	previous	not_common_essential	0.00288737	0.000708137	0.00650666
SUPV3L1	HGNC:11471	SUPV3L1	6832	approved	common_essential	0.0268381	0.0144384	0.0423203
TASOR	HGNC:30314	TASOR	23272	approved	not_common_essential	0.0864004	0.0548107	0.12894
TNRC18	HGNC:11962	TNRC18	84629	approved	not_common_essential	0.216949	0.0962207	0.404395
TREX1	HGNC:12269	TREX1	11277	approved	not_common_essential	0.0154497	0.000593658	0.0595029
TRIM28	HGNC:16384	TRIM28	10155	approved	not_common_essential	0.419463	0.157618	0.758121
TRIM29	HGNC:17274	TRIM29	23650	approved	not_common_essential	0.00624903	0.00147125	0.0138265
TRIM40	HGNC:18736	TRIM40	135644	approved	not_common_essential	0.000544445	5.67488e-05	0.00163007
WWTR1	HGNC:24042	WWTR1	25937	approved	not_common_essential	0.0976656	0.0371896	0.199621
YAP1	HGNC:16262	YAP1	10413	approved	not_common_essential	0.361548	0.107652	0.745473
ZNF598	HGNC:28079	ZNF598	90850	approved	not_screened	0.105081	0.0403116	0.221935
ZNF91	HGNC:13166	ZNF91	7644	approved	not_common_essential	0.00459697	0.000386765	0.0158551
ZNF93	HGNC:13169	ZNF93	81931	approved	not_common_essential	0.00129619	0.000149259	0.00410424
ATF3	HGNC:785	ATF3	467	approved	not_common_essential	0.0560074	0.0152862	0.124637
FOXA1	HGNC:5021	FOXA1	3169	approved	not_common_essential	0.0504107	0.0114496	0.11788
SMARCA4	HGNC:11100	SMARCA4	6597	approved	not_common_essential	0.647367	0.317123	0.932146
MTOR	HGNC:3942	MTOR	2475	approved	common_essential	0.141788	0.092402	0.207585
BANF1	HGNC:17397	BANF1	8815	approved	common_essential	0.174989	0.00826872	0.591726
BUB1B	HGNC:1149	BUB1B	701	approved	common_essential	0.0163418	0.0077209	0.025935
COL3A1	HGNC:2201	COL3A1	1281	approved	not_common_essential	0.226956	0.130039	0.357452
EDA2R	HGNC:17756	EDA2R	60401	approved	not_common_essential	0.00393007	0.000544217	0.0102889
FOXO3	HGNC:3821	FOXO3	2309	approved	not_common_essential	0.188102	0.0876653	0.32648
KL	HGNC:6344	KL	9365	approved	not_common_essential	0.010803	0.00158153	0.0234974
LAMP2	HGNC:6501	LAMP2	3920	approved	not_common_essential	0.0617056	0.00916051	0.183911
LMNA	HGNC:6636	LMNA	4000	approved	not_common_essential	0.19495	0.0753944	0.3956
PIN1	HGNC:8988	PIN1	5300	approved	not_common_essential	0.0712988	0.0233922	0.151827
SIRT1	HGNC:14929	SIRT1	23411	approved	not_common_essential	0.073524	0.0404218	0.121336
SIRT3	HGNC:14931	SIRT3	23410	approved	not_common_essential	0.000772583	0.000107828	0.00229333
SIRT7	HGNC:14935	SIRT7	51547	approved	not_common_essential	0.0244507	0.0112295	0.0428504
TERT	HGNC:11730	TERT	7015	approved	not_common_essential	0.0795479	0.0354856	0.151706
VEGFA	HGNC:12680	VEGFA	7422	approved	not_common_essential	0.0158462	0.00612022	0.028292
WRN	HGNC:12791	WRN	7486	approved	not_common_essential	0.00270401	0.000652626	0.00631689
ZMPSTE24	HGNC:12877	ZMPSTE24	10269	approved	not_common_essential	0.0044338	0.00118282	0.00961157
NREP	HGNC:16834	NREP	9315	approved	not_common_essential	0.00927797	0.000990718	0.029346
CDKN1A	HGNC:1784	CDKN1A	1026	approved	not_common_essential	0.0156098	0.00145099	0.0393901
COL1A1	HGNC:2197	COL1A1	1277	approved	not_common_essential	0.297986	0.160764	0.485146
GHR	HGNC:4263	GHR	2690	approved	not_common_essential	0.0125942	0.00460396	0.023028
GPNMB	HGNC:4462	GPNMB	10457	approved	not_common_essential	0.00112645	0.000286218	0.00260729
IGF1R	HGNC:5465	IGF1R	3480	approved	not_common_essential	0.0761572	0.0474963	0.115862
KAT7	HGNC:17016	KAT7	11143	approved	not_common_essential	0.381268	0.14331	0.708711
ATG14	HGNC:19962	ATG14	22863	approved	not_common_essential	0.0304261	0.015033	0.0501477
ATG5	HGNC:589	ATG5	9474	approved	not_common_essential	0.0938319	0.0402945	0.177265
ATG7	HGNC:16935	ATG7	10533	approved	not_common_essential	0.00797603	0.00325048	0.0142343
BECN1	HGNC:1034	BECN1	8678	approved	not_common_essential	0.0601556	0.0300289	0.103485
MAP1LC3B	HGNC:13352	MAP1LC3B	81631	approved	not_common_essential	0.0259148	0.00670972	0.0554689
SQSTM1	HGNC:11280	SQSTM1	8878	approved	not_common_essential	0.0164031	0.000940073	0.044528
ABCC1	HGNC:51	ABCC1	4363	approved	not_common_essential	0.0324323	0.0229199	0.0439957
GJA1	HGNC:4274	GJA1	2697	approved	not_common_essential	0.116279	0.0301145	0.269618
GJB1	HGNC:4283	GJB1	2705	approved	not_common_essential	0.212784	0.0600623	0.466439
GJC1	HGNC:4280	GJC1	10052	approved	not_common_essential	0.124637	0.0621486	0.213806
LRRC8A	HGNC:19027	LRRC8A	56262	approved	not_common_essential	0.110105	0.0622829	0.175761
P2RX7	HGNC:8537	P2RX7	5027	approved	not_common_essential	0.00084045	0.000173396	0.00211623
SLC19A1	HGNC:10937	SLC19A1	6573	approved	not_common_essential	0.00135133	0.000229948	0.00368225
SLC46A2	HGNC:16055	SLC46A2	57864	approved	not_common_essential	0.000873461	0.000143874	0.00242114
BST2	HGNC:1119	BST2	684	approved	not_common_essential	0.00289903	0.000157129	0.0106416
CXCL10	HGNC:10637	CXCL10	3627	approved	not_common_essential	0.00665129	0.000815543	0.0208033
CXCL11	HGNC:10638	CXCL11	6373	approved	not_common_essential	0.00409388	0.000178522	0.0160758
CXCL9	HGNC:7098	CXCL9	4283	approved	not_common_essential	0.00291641	0.000318048	0.00940075
EPSTI1	HGNC:16465	EPSTI1	94240	approved	not_common_essential	0.000887905	9.31742e-05	0.00270752
GBP1	HGNC:4182	GBP1	2633	approved	not_common_essential	0.0017246	7.68283e-05	0.00639164
GBP5	HGNC:19895	GBP5	115362	approved	not_common_essential	0.00178375	6.75691e-05	0.00663464
HERC5	HGNC:24368	HERC5	51191	approved	not_common_essential	0.00405813	0.000299063	0.0131436
HERC6	HGNC:26072	HERC6	55008	approved	not_common_essential	0.000751242	0.00011407	0.00221895
IDO1	HGNC:6059	IDO1	3620	approved	not_common_essential	0.000794353	9.48418e-05	0.00249116
IFI27	HGNC:5397	IFI27	3429	approved	not_common_essential	0.00340072	0.000172289	0.0128713
IFI35	HGNC:5399	IFI35	3430	approved	not_common_essential	0.000730817	9.26679e-05	0.00224505
IFI44	HGNC:16938	IFI44	10561	approved	not_common_essential	0.000622698	5.65141e-05	0.00202591
IFI44L	HGNC:17817	IFI44L	10964	approved	not_common_essential	0.000549722	3.91232e-05	0.00183635
IFI6	HGNC:4054	IFI6	2537	approved	not_common_essential	0.0035547	0.000413106	0.0106471
IFIT1	HGNC:5407	IFIT1	3434	approved	not_common_essential	0.00396323	0.000320254	0.0134128
IFIT2	HGNC:5409	IFIT2	3433	approved	not_common_essential	0.00513797	0.000627232	0.014407
IFIT3	HGNC:5411	IFIT3	3437	approved	not_common_essential	0.00552056	0.000911953	0.015528
IFITM1	HGNC:5412	IFITM1	8519	approved	not_common_essential	0.00842822	0.000537566	0.0293865
IFITM2	HGNC:5413	IFITM2	10581	approved	common_essential	0.010771	0.000567069	0.0396913
IFITM3	HGNC:5414	IFITM3	10410	approved	common_essential	0.0114603	0.00134396	0.0359844
IFNA1	HGNC:5417	IFNA1	3439	approved	not_common_essential	0.00497176	0.000190693	0.0188778
IFNB1	HGNC:5434	IFNB1	3456	approved	not_common_essential	0.00316849	0.000234124	0.0109582
IFNG	HGNC:5438	IFNG	3458	approved	not_common_essential	0.0256338	0.00346299	0.0728496
ISG15	HGNC:4053	ISG15	9636	approved	not_common_essential	0.00452041	0.000193777	0.0172058
ISG20	HGNC:6130	ISG20	3669	approved	not_common_essential	0.00440669	0.000732614	0.0118305
LY6E	HGNC:6727	LY6E	4061	approved	not_common_essential	0.0157681	0.0031579	0.0396077
MX1	HGNC:7532	MX1	4599	approved	not_common_essential	0.00241832	0.000506826	0.00591223
MX2	HGNC:7533	MX2	4600	approved	not_common_essential	0.00241438	0.000280765	0.00691531
NLRC5	HGNC:29933	NLRC5	84166	approved	not_common_essential	0.01918	0.0105283	0.0289137
OASL	HGNC:8090	OASL	8638	approved	not_common_essential	0.000614974	7.6035e-05	0.00186113
PSMB8	HGNC:9545	PSMB8	5696	approved	not_common_essential	0.00673536	0.00158527	0.0153103
PSMB9	HGNC:9546	PSMB9	5698	approved	not_common_essential	0.00925766	0.00202684	0.0206475
RNASEL	HGNC:10050	RNASEL	6041	approved	not_common_essential	0.0011668	0.000167878	0.00318353
RSAD2	HGNC:30908	RSAD2	91543	approved	not_common_essential	0.00102913	0.000140851	0.00300019
RTP4	HGNC:23992	RTP4	64108	approved	not_common_essential	0.00185931	0.000189463	0.00607026
SAMD9	HGNC:1348	SAMD9	54809	approved	not_common_essential	0.000847836	0.000159595	0.00214451
SAMD9L	HGNC:1349	SAMD9L	219285	approved	not_common_essential	0.00303755	0.000761107	0.00651454
SIGLEC1	HGNC:11127	SIGLEC1	6614	approved	not_common_essential	0.000336953	5.13138e-05	0.000932717
TAP1	HGNC:43	TAP1	6890	approved	not_common_essential	0.00880017	0.00315755	0.0159549
XAF1	HGNC:30932	XAF1	54739	approved	not_common_essential	0.000877959	0.000109845	0.00266821
B3GAT1	HGNC:921	B3GAT1	27087	approved	not_common_essential	0.0529056	0.034243	0.0766394
CD27	HGNC:11922	CD27	939	approved	not_common_essential	0.00345691	0.00022064	0.0132292
CD28	HGNC:1653	CD28	940	approved	not_common_essential	0.0245961	0.004993	0.059664
GZMK	HGNC:4711	GZMK	3003	approved	not_common_essential	0.00120297	0.000165031	0.0036981
IL7R	HGNC:6024	IL7R	3575	approved	not_common_essential	0.00224241	0.000256379	0.00665739
KLRG1	HGNC:6380	KLRG1	10219	approved	not_common_essential	0.00200942	0.00025655	0.00618977
PDCD1	HGNC:8760	PDCD1	5133	approved	not_common_essential	0.0274727	0.00520403	0.0690893
PLAUR	HGNC:9053	PLAUR	5329	approved	not_common_essential	0.00153082	0.000139399	0.00447505
SATB1	HGNC:10541	SATB1	6304	approved	not_common_essential	0.150623	0.0687671	0.283855
TIGIT	HGNC:26838	TIGIT	201633	approved	not_common_essential	0.00135908	0.000162033	0.0042388
A2M	HGNC:7	A2M	2	approved	not_common_essential	0.00867342	0.00132648	0.017542
ADIPOQ	HGNC:13633	ADIPOQ	9370	approved	not_common_essential	0.00262198	0.000432515	0.00700935
CCL11	HGNC:10610	CCL11	6356	approved	not_common_essential	0.00124863	0.000100639	0.00427007
CCL22	HGNC:10621	CCL22	6367	approved	not_common_essential	0.00210741	0.0002059	0.00672685
CCL3	HGNC:10627	CCL3	6348	approved	not_common_essential	0.00192561	8.61327e-05	0.00713714
CD163	HGNC:1631	CD163	9332	approved	not_common_essential	0.026552	0.0145352	0.0437062
CD36	HGNC:1663	CD36	948	approved	not_common_essential	0.000199113	1.62346e-05	0.000609478
CD38	HGNC:1667	CD38	952	approved	not_common_essential	0.00152219	0.000103441	0.00506605
CD40LG	HGNC:11935	CD40LG	959	approved	not_common_essential	0.131803	0.0174713	0.421292
CD68	HGNC:1693	CD68	968	approved	not_common_essential	0.00558489	0.00143242	0.0124218
CD9	HGNC:1709	CD9	928	approved	not_common_essential	0.0143701	0.0039313	0.0309233
CHIT1	HGNC:1936	CHIT1	1118	approved	not_common_essential	0.0010114	9.91227e-05	0.00325057
CRP	HGNC:2367	CRP	1401	approved	not_common_essential	0.00504777	0.000952337	0.0134732
CSF1	HGNC:2432	CSF1	1435	approved	not_common_essential	0.0892372	0.0269222	0.199865
CXCL1	HGNC:4602	CXCL1	2919	approved	not_common_essential	0.010754	0.000763955	0.0340541
IL1B	HGNC:5992	IL1B	3553	approved	not_common_essential	0.0414579	0.00998333	0.0908958
IL2	HGNC:6001	IL2	3558	approved	not_common_essential	0.0367295	0.0058498	0.0986829
IL27	HGNC:19157	IL27	246778	approved	not_common_essential	0.0900598	0.0143646	0.240365
IL4	HGNC:6014	IL4	3565	approved	not_common_essential	0.00503927	0.000746523	0.0138576
IL5	HGNC:6016	IL5	3567	approved	not_common_essential	0.0021548	5.9249e-05	0.00893633
IL6	HGNC:6018	IL6	3569	approved	not_common_essential	0.00656064	0.000639596	0.0205606
LBP	HGNC:6517	LBP	3929	approved	not_common_essential	0.000485046	8.00639e-05	0.00134669
LEP	HGNC:6553	LEP	3952	approved	not_common_essential	0.0942666	0.00483221	0.307191
LGALS3	HGNC:6563	LGALS3	3958	approved	not_common_essential	0.00303077	0.000399543	0.00898972
LIF	HGNC:6596	LIF	3976	approved	not_common_essential	0.00906455	0.00202262	0.0203794
LPL	HGNC:6677	LPL	4023	approved	not_common_essential	0.00816304	0.00265468	0.0163363
MARCO	HGNC:6895	MARCO	8685	approved	not_common_essential	0.00138932	0.000246558	0.00364679
MRC1	HGNC:7228	MRC1	4360	approved	not_common_essential	0.00802622	0.000661944	0.0272827
NAMPT	HGNC:30092	NAMPT	10135	approved	not_common_essential	0.222162	0.0618177	0.510097
PDGFA	HGNC:8799	PDGFA	5154	approved	not_common_essential	0.0950112	0.0345153	0.195454
PDGFB	HGNC:8800	PDGFB	5155	approved	not_common_essential	0.0648266	0.029784	0.116002
PLA2G7	HGNC:9040	PLA2G7	7941	approved	not_common_essential	0.000613884	0.000120537	0.00161639
PLIN1	HGNC:9076	PLIN1	5346	approved	not_common_essential	0.00111347	0.000143808	0.00327846
SAA1	HGNC:10513	SAA1	6288	approved	not_common_essential	0.00409205	0.000267411	0.0144631
SAA2	HGNC:10514	SAA2	6289	approved	not_common_essential	0.00169504	8.53513e-05	0.00629194
SERPINE1	HGNC:8583	SERPINE1	5054	approved	not_common_essential	0.0173157	0.00620009	0.033767
SPP1	HGNC:11255	SPP1	6696	approved	not_common_essential	0.00282285	0.00041663	0.00756033
TGFA	HGNC:11765	TGFA	7039	approved	not_common_essential	0.0258848	0.00503196	0.06165
TLR2	HGNC:11848	TLR2	7097	approved	not_common_essential	0.000926408	0.00010804	0.0029097
TNFSF10	HGNC:11925	TNFSF10	8743	approved	not_common_essential	0.00448973	0.000379825	0.0156657
TREM1	HGNC:17760	TREM1	54210	approved	not_common_essential	0.0015261	0.000128569	0.00524204
TREM2	HGNC:17761	TREM2	54209	approved	not_common_essential	0.00110428	8.30168e-05	0.00378549
VSIG4	HGNC:17032	VSIG4	11326	approved	not_common_essential	0.00280683	0.000271734	0.00780911
CARD8	HGNC:17057	CARD8	22900	approved	not_common_essential	0.00131814	0.000107129	0.00456877
CASP1	HGNC:1499	CASP1	834	approved	not_common_essential	0.00678257	0.00116468	0.0174023
CASP4	HGNC:1505	CASP4	837	approved	not_common_essential	0.00171788	0.000186799	0.00510662
CASP5	HGNC:1506	CASP5	838	approved	not_common_essential	0.000800168	8.23983e-05	0.00248615
CASP8	HGNC:1509	CASP8	841	approved	not_common_essential	0.0173425	0.00678457	0.031009
GSDMD	HGNC:25697	GSDMD	79792	approved	not_common_essential	0.00174332	0.00018023	0.00536541
GSDME	HGNC:2810	GSDME	1687	approved	not_common_essential	0.00118155	0.000209551	0.00323715
IL18	HGNC:5986	IL18	3606	approved	not_common_essential	0.0143344	0.00288566	0.0358939
IL18BP	HGNC:5987	IL18BP	10068	approved	not_common_essential	0.000761624	0.000137656	0.00208569
IL33	HGNC:16028	IL33	90865	approved	not_common_essential	0.00111405	0.000127099	0.00332843
NAIP	HGNC:7634	NAIP	4671	approved	common_essential	0.000603705	6.73536e-05	0.00189596
NLRC4	HGNC:16412	NLRC4	58484	approved	not_common_essential	0.00436389	0.00150476	0.00862607
NLRP3	HGNC:16400	NLRP3	114548	approved	not_common_essential	0.0194985	0.00908629	0.0318287
NLRP6	HGNC:22944	NLRP6	171389	approved	not_common_essential	0.00334611	0.000289186	0.0105626
PYCARD	HGNC:16608	PYCARD	29108	approved	not_common_essential	0.00445532	0.000268756	0.0154631
ASNS	HGNC:753	ASNS	440	approved	not_common_essential	0.0250845	0.0095008	0.0506428
ATF4	HGNC:786	ATF4	468	approved	common_essential	0.0182748	0.00040893	0.0758005
ATF5	HGNC:790	ATF5	22809	approved	not_common_essential	0.00828954	0.000693264	0.0189058
DDIT3	HGNC:2726	DDIT3	1649	approved	not_common_essential	0.0379556	0.00102995	0.126531
DDIT4	HGNC:24944	DDIT4	54541	approved	not_common_essential	0.0125156	0.00185328	0.0314425
EIF2S1	HGNC:3265	EIF2S1	1965	approved	common_essential	0.227492	0.0614424	0.539671
G3BP1	HGNC:30292	G3BP1	10146	approved	not_common_essential	0.110655	0.0430559	0.230289
G3BP2	HGNC:30291	G3BP2	9908	approved	not_common_essential	0.31156	0.136035	0.553158
HERPUD1	HGNC:13744	HERPUD1	9709	approved	not_common_essential	0.0970603	0.0408135	0.186802
PMAIP1	HGNC:9108	PMAIP1	5366	approved	not_common_essential	0.0154379	0.00138368	0.0496293
PPP1R15A	HGNC:14375	PPP1R15A	23645	approved	not_common_essential	0.010661	0.000312133	0.0392188
TRIB3	HGNC:16228	TRIB3	57761	approved	not_common_essential	0.00230648	0.000384638	0.00605682
PRKAA1	HGNC:9376	PRKAA1	5562	approved	not_common_essential	0.0773262	0.039382	0.134638
PRKAA2	HGNC:9377	PRKAA2	5563	approved	not_common_essential	0.0185227	0.011178	0.0273686
RICTOR	HGNC:28611	RICTOR	253260	approved	not_common_essential	0.149053	0.0961491	0.21846
RPS6KB1	HGNC:10436	RPS6KB1	6198	approved	not_common_essential	0.348288	0.130039	0.631626
RPTOR	HGNC:30287	RPTOR	57521	approved	common_essential	0.228462	0.132131	0.35601
STK11	HGNC:11389	STK11	6794	approved	not_common_essential	0.181192	0.0674749	0.365362
BIRC3	HGNC:591	BIRC3	330	approved	not_common_essential	0.0259845	0.0126843	0.0446025
CCL2	HGNC:10618	CCL2	6347	approved	not_common_essential	0.0489921	0.0128433	0.11407
CXCL8	HGNC:6025	CXCL8	3576	approved	not_common_essential	0.000988691	0.000102379	0.00304981
ICAM1	HGNC:5344	ICAM1	3383	approved	not_common_essential	0.0233281	0.00193145	0.0532726
IL1A	HGNC:5991	IL1A	3552	approved	not_common_essential	0.00218897	0.00028524	0.00633744
LCN2	HGNC:6526	LCN2	3934	approved	not_common_essential	0.000811485	6.3582e-05	0.00276991
NFKBIZ	HGNC:29805	NFKBIZ	64332	approved	not_common_essential	0.131545	0.0679901	0.223308
PTGS2	HGNC:9605	PTGS2	5743	approved	not_common_essential	0.0901807	0.0437051	0.16095
TNF	HGNC:11892	TNF	7124	approved	not_common_essential	0.081908	0.0281914	0.172593
VCAM1	HGNC:12663	VCAM1	7412	approved	not_common_essential	0.0341274	0.0122445	0.0744024
ACVR1B	HGNC:172	ACVR1B	91	approved	not_common_essential	0.271003	0.137924	0.445347
ANG	HGNC:483	ANG	283	approved	not_common_essential	0.00867031	0.00108294	0.0268128
ANGPT1	HGNC:484	ANGPT1	284	approved	not_common_essential	0.0660562	0.0317861	0.116556
ANGPTL4	HGNC:16039	ANGPTL4	51129	approved	not_common_essential	0.00167643	0.000202118	0.00509542
AREG	HGNC:651	AREG	374	approved	not_common_essential	0.0515756	0.00803325	0.147758
AXL	HGNC:905	AXL	558	approved	not_common_essential	0.0253194	0.0124457	0.0408565
BEX3	HGNC:13388	BEX3	27018	approved	not_common_essential	0.200516	0.0321708	0.539032
BMP2	HGNC:1069	BMP2	650	approved	not_common_essential	0.109012	0.0462848	0.20618
BMP6	HGNC:1073	BMP6	654	approved	not_common_essential	0.0537983	0.0163944	0.117078
BRD4	HGNC:13575	BRD4	23476	approved	common_essential	0.671309	0.29564	0.96006
CCL1	HGNC:10609	CCL1	6346	approved	not_common_essential	0.00177732	0.000130031	0.00623852
CCL13	HGNC:10611	CCL13	6357	approved	not_common_essential	0.0014114	7.93406e-05	0.0049946
CCL16	HGNC:10614	CCL16	6360	approved	not_common_essential	0.00199455	9.69972e-05	0.00745398
CCL20	HGNC:10619	CCL20	6364	approved	not_common_essential	0.00534026	0.00108114	0.0138174
CCL24	HGNC:10623	CCL24	6369	approved	not_common_essential	0.00469769	0.0011921	0.0109251
CCL26	HGNC:10625	CCL26	10344	approved	not_common_essential	0.00058077	6.15654e-05	0.00175995
CCL3L1	HGNC:10628	CCL3L1	6349	approved	not_screened	0.00945494	0.000259142	0.0375459
CCL4	HGNC:10630	CCL4	6351	approved	not_common_essential	0.0041176	6.54372e-05	0.0164559
CCL5	HGNC:10632	CCL5	6352	approved	not_common_essential	0.0024536	0.000288504	0.00715274
CCL7	HGNC:10634	CCL7	6354	approved	not_common_essential	0.00184037	0.000171361	0.00609691
CCL8	HGNC:10635	CCL8	6355	approved	not_common_essential	0.00100505	9.82559e-05	0.00330191
CD55	HGNC:2665	CD55	1604	approved	not_common_essential	0.00322422	0.000738838	0.0076388
CEBPB	HGNC:1834	CEBPB	1051	approved	not_common_essential	0.195316	0.0073035	0.675264
CSF2	HGNC:2434	CSF2	1437	approved	not_common_essential	0.0285151	0.00304865	0.0867766
CSF2RB	HGNC:2436	CSF2RB	1439	approved	not_common_essential	0.0308749	0.0133378	0.0546892
CSF3	HGNC:2438	CSF3	1440	approved	not_common_essential	0.034367	0.00372861	0.0909774
CST4	HGNC:2476	CST4	1472	approved	not_common_essential	0.00118126	9.74512e-05	0.00399753
CTNNB1	HGNC:2514	CTNNB1	1499	approved	not_common_essential	0.445594	0.161462	0.809889
CTSB	HGNC:2527	CTSB	1508	approved	not_common_essential	0.00536118	0.00132352	0.0125836
CXCL12	HGNC:10672	CXCL12	6387	approved	not_common_essential	0.0140831	0.00248266	0.036079
CXCL16	HGNC:16642	CXCL16	58191	approved	not_common_essential	0.00459994	0.00038366	0.0152164
CXCL2	HGNC:4603	CXCL2	2920	approved	not_common_essential	0.00226991	0.000117097	0.00840326
CXCL3	HGNC:4604	CXCL3	2921	approved	not_common_essential	0.00242222	0.000168726	0.00831948
CXCR2	HGNC:6027	CXCR2	3579	approved	not_common_essential	0.0132064	0.0021454	0.0342599
DKK1	HGNC:2891	DKK1	22943	approved	not_common_essential	0.0208511	0.0029623	0.0512771
EDN1	HGNC:3176	EDN1	1906	approved	not_common_essential	0.0268475	0.00497123	0.0652654
EGF	HGNC:3229	EGF	1950	approved	not_common_essential	0.00825116	0.0044364	0.0128916
EGFR	HGNC:3236	EGFR	1956	approved	not_common_essential	0.0693613	0.046289	0.099255
EREG	HGNC:3443	EREG	2069	approved	not_common_essential	0.00185206	0.000143359	0.00624407
ESM1	HGNC:3466	ESM1	11082	approved	not_common_essential	0.0229439	0.00750056	0.0476118
ETS2	HGNC:3489	ETS2	2114	approved	not_common_essential	0.167291	0.0734297	0.305192
EXOC7	HGNC:23214	EXOC7	23265	approved	common_essential	0.0200817	0.0107847	0.0315892
FGF1	HGNC:3665	FGF1	2246	approved	not_common_essential	0.0148343	0.00236899	0.0421796
FGF2	HGNC:3676	FGF2	2247	approved	not_common_essential	0.0152958	0.00206434	0.0374297
FGF7	HGNC:3685	FGF7	2252	approved	not_common_essential	0.0456565	0.0163893	0.0925677
GATA4	HGNC:4173	GATA4	2626	approved	not_common_essential	0.115189	0.0430002	0.23861
GDF15	HGNC:30142	GDF15	9518	approved	not_common_essential	0.00111295	7.9374e-05	0.00392041
GEM	HGNC:4234	GEM	2669	approved	not_common_essential	0.0034949	0.000624957	0.00884087
GMFG	HGNC:4374	GMFG	9535	approved	not_common_essential	0.00240524	0.000473941	0.00615701
HGF	HGNC:4893	HGF	3082	approved	not_common_essential	0.0576797	0.0367236	0.0855627
ICAM3	HGNC:5346	ICAM3	3385	approved	not_common_essential	0.000792747	9.93548e-05	0.00230052
IGF1	HGNC:5464	IGF1	3479	approved	not_common_essential	0.061258	0.0237826	0.124375
IGFBP1	HGNC:5469	IGFBP1	3484	approved	not_common_essential	0.00154168	0.000126678	0.00517234
IGFBP2	HGNC:5471	IGFBP2	3485	approved	not_common_essential	0.0519934	0.0202494	0.102064
IGFBP3	HGNC:5472	IGFBP3	3486	approved	not_common_essential	0.064135	0.0128642	0.156138
IGFBP4	HGNC:5473	IGFBP4	3487	approved	not_common_essential	0.0227074	0.005229	0.0501758
IGFBP5	HGNC:5474	IGFBP5	3488	approved	not_common_essential	0.161538	0.0443526	0.372997
IGFBP6	HGNC:5475	IGFBP6	3489	approved	not_common_essential	0.00901997	0.00214233	0.0204237
IGFBP7	HGNC:5476	IGFBP7	3490	approved	not_common_essential	0.0185782	0.00522648	0.0392512
IL10	HGNC:5962	IL10	3586	approved	not_common_essential	0.0260983	0.00753315	0.0532876
IL11	HGNC:5966	IL11	3589	approved	not_common_essential	0.00139372	0.000142399	0.00449739
IL11RA	HGNC:5967	IL11RA	3590	approved	not_common_essential	0.00206718	0.000515904	0.00474523
IL13	HGNC:5973	IL13	3596	approved	not_common_essential	0.00367075	0.000107669	0.0150009
IL15	HGNC:5977	IL15	3600	approved	not_common_essential	0.0131044	0.000359454	0.0514911
IL17A	HGNC:5981	IL17A	3605	approved	not_common_essential	0.00579684	0.000450395	0.0199076
IL32	HGNC:16830	IL32	9235	approved	not_common_essential	0.00116794	0.000118939	0.00366768
IL6R	HGNC:6019	IL6R	3570	approved	not_common_essential	0.00607849	0.000375054	0.0189742
IL6ST	HGNC:6021	IL6ST	3572	approved	not_common_essential	0.0843523	0.0451713	0.141132
IL7	HGNC:6023	IL7	3574	approved	not_common_essential	0.0691441	0.000308008	0.267515
INHA	HGNC:6065	INHA	3623	approved	not_common_essential	0.00877936	0.00137155	0.0223523
INHBA	HGNC:6066	INHBA	3624	approved	not_common_essential	0.19644	0.0712123	0.390823
IQGAP2	HGNC:6111	IQGAP2	10788	approved	not_common_essential	0.00250919	0.000435837	0.00629326
ITGA2	HGNC:6137	ITGA2	3673	approved	not_common_essential	0.0115849	0.00661889	0.0176027
ITPKA	HGNC:6178	ITPKA	3706	approved	not_common_essential	0.0564282	0.0241953	0.105261
JUN	HGNC:6204	JUN	3725	approved	not_common_essential	0.25512	0.0364418	0.639508
KITLG	HGNC:6343	KITLG	4254	approved	not_common_essential	0.108852	0.0303697	0.255897
LCP1	HGNC:6528	LCP1	3936	approved	not_common_essential	0.0565327	0.0299619	0.0946431
MAPK14	HGNC:6876	MAPK14	1432	approved	not_common_essential	0.0780113	0.0358548	0.145064
MAPKAPK2	HGNC:6887	MAPKAPK2	9261	approved	not_common_essential	0.18786	0.0860508	0.336571
MIF	HGNC:7097	MIF	4282	approved	not_common_essential	0.00380621	0.000403924	0.011544
MMP1	HGNC:7155	MMP1	4312	approved	not_common_essential	0.000483793	6.62597e-05	0.00139362
MMP10	HGNC:7156	MMP10	4319	approved	not_common_essential	0.000440816	5.55717e-05	0.00126903
MMP12	HGNC:7158	MMP12	4321	approved	not_common_essential			
MMP13	HGNC:7159	MMP13	4322	approved	not_common_essential	0.00277639	0.000532326	0.00698204
MMP14	HGNC:7160	MMP14	4323	approved	not_common_essential	0.0871457	0.0506023	0.136794
MMP2	HGNC:7166	MMP2	4313	approved	not_common_essential	0.0610023	0.0312453	0.103166
MMP3	HGNC:7173	MMP3	4314	approved	not_common_essential	0.000543715	9.1926e-05	0.00150879
MMP9	HGNC:7176	MMP9	4318	approved	not_common_essential	0.000757186	8.64726e-05	0.00230875
NAP1L4	HGNC:7640	NAP1L4	4676	approved	not_common_essential	0.0765923	0.0397667	0.130556
NFKB1	HGNC:7794	NFKB1	4790	approved	not_common_essential	0.298297	0.146788	0.498546
NOTCH1	HGNC:7881	NOTCH1	4851	approved	not_common_essential	0.230659	0.143667	0.34194
NOTCH2	HGNC:7882	NOTCH2	4853	approved	not_common_essential	0.161058	0.104468	0.233392
NOTCH3	HGNC:7883	NOTCH3	4854	approved	not_common_essential	0.0772851	0.0504407	0.113231
NRG1	HGNC:7997	NRG1	3084	approved	not_common_essential	0.0927337	0.0435619	0.17145
PAPPA	HGNC:8602	PAPPA	5069	approved	not_common_essential	0.0509702	0.0342245	0.0721164
PECAM1	HGNC:8823	PECAM1	5175	approved	not_common_essential			
PGF	HGNC:8893	PGF	5228	approved	not_common_essential	0.0327051	0.00429741	0.0845582
PLAT	HGNC:9051	PLAT	5327	approved	not_common_essential	0.015861	0.00143891	0.0353272
PLAU	HGNC:9052	PLAU	5328	approved	not_common_essential	0.00496313	0.000997928	0.0121616
PTBP1	HGNC:9583	PTBP1	5725	approved	not_common_essential	0.252546	0.0898728	0.517448
PTGER2	HGNC:9594	PTGER2	5732	approved	not_common_essential	0.00302026	0.000290683	0.00962146
PTGES	HGNC:9599	PTGES	9536	approved	not_common_essential	0.0299574	0.00691846	0.0731297
RPS6KA5	HGNC:10434	RPS6KA5	9252	approved	not_common_essential	0.0881455	0.047438	0.147034
SCAMP4	HGNC:30385	SCAMP4	113178	approved	not_common_essential	0.0116843	0.00174915	0.0277136
SELPLG	HGNC:10722	SELPLG	6404	approved	not_common_essential	0.00376922	0.000306151	0.0129652
SEMA3F	HGNC:10728	SEMA3F	6405	approved	not_common_essential	0.113767	0.065915	0.180841
SERPINB4	HGNC:10570	SERPINB4	6318	approved	not_common_essential	0.0013979	9.61061e-05	0.0048849
SERPINE2	HGNC:8951	SERPINE2	5270	approved	not_common_essential	0.0567011	0.0278656	0.0981207
SPX	HGNC:28139	SPX	80763	approved	not_common_essential	0.0028818	0.00043871	0.00812696
TFEB	HGNC:11753	TFEB	7942	approved	not_common_essential	0.0994249	0.045022	0.187207
TGFB1	HGNC:11766	TGFB1	7040	approved	not_common_essential	0.0607953	0.028284	0.110776
TIMP2	HGNC:11821	TIMP2	7077	approved	not_common_essential	0.0771613	0.0303337	0.154694
TNFRSF10C	HGNC:11906	TNFRSF10C	8794	approved	not_common_essential	0.00113773	0.000110305	0.0036926
TNFRSF11B	HGNC:11909	TNFRSF11B	4982	approved	not_common_essential	0.0347394	0.0138323	0.0637836
TNFRSF1A	HGNC:11916	TNFRSF1A	7132	approved	not_common_essential	0.147319	0.0534302	0.307445
TNFRSF1B	HGNC:11917	TNFRSF1B	7133	approved	not_common_essential	0.0380542	0.0119162	0.0762336
TUBGCP2	HGNC:18599	TUBGCP2	10844	approved	common_essential	0.0110925	0.00392375	0.0203637
VEGFC	HGNC:12682	VEGFC	7424	approved	not_common_essential	0.0501895	0.0201516	0.0972242
VGF	HGNC:12684	VGF	7425	approved	not_common_essential	0.0480063	0.00639092	0.112588
WNT16	HGNC:16267	WNT16	51384	approved	not_common_essential	0.00540165	0.000855284	0.0145081
WNT2	HGNC:12780	WNT2	7472	approved	not_common_essential	0.0278447	0.0117658	0.0499438
ZFP36L1	HGNC:1107	ZFP36L1	677	approved	not_common_essential	0.24211	0.0468209	0.592014
AKT1	HGNC:391	AKT1	207	approved	not_common_essential	0.149809	0.0508848	0.341636
ATM	HGNC:795	ATM	472	approved	not_common_essential	0.00793926	0.00368625	0.0126392
B2M	HGNC:914	B2M	567	approved	not_common_essential	0.0270408	0.00709687	0.0647216
BCL2	HGNC:990	BCL2	596	approved	not_common_essential	0.0881159	0.0435532	0.152155
BCL2L1	HGNC:992	BCL2L1	598	approved	common_essential	0.122592	0.0570502	0.218028
BCL2L2	HGNC:995	BCL2L2	599	approved	not_common_essential	0.0390014	0.00520062	0.143552
CCND1	HGNC:1582	CCND1	595	approved	common_essential	0.0672999	0.0240462	0.137492
CDKN2A	HGNC:1787	CDKN2A	1029	approved	not_common_essential	0.0176157	0.000209601	0.0705987
CDKN2B	HGNC:1788	CDKN2B	1030	approved	not_common_essential	0.00138936	0.000119459	0.00470316
CHEK1	HGNC:1925	CHEK1	1111	approved	common_essential	0.01204	0.00630974	0.0191365
DPP4	HGNC:3009	DPP4	1803	approved	not_common_essential	0.00349345	0.000949415	0.00812249
E2F1	HGNC:3113	E2F1	1869	approved	not_common_essential	0.209751	0.0628285	0.461106
FAS	HGNC:11920	FAS	355	approved	not_common_essential	0.0263773	0.00766793	0.0566925
FOXO4	HGNC:7139	FOXO4	4303	approved	not_common_essential	0.0718705	0.0202459	0.174306
GLB1	HGNC:4298	GLB1	2720	approved	not_common_essential	0.00521868	0.00223855	0.00959981
H2AX	HGNC:4739	H2AX	3014	approved	common_essential	0.200423	0.00532406	0.718914
HMGA1	HGNC:5010	HMGA1	3159	approved	common_essential	0.277685	0.041801	0.715037
HMGA2	HGNC:5009	HMGA2	8091	approved	not_common_essential	0.178544	0.0373812	0.446257
HMGB1	HGNC:4983	HMGB1	3146	approved	common_essential	0.437426	0.00180945	0.995396
HMGB2	HGNC:5000	HMGB2	3148	approved	not_common_essential	0.293459	0.056388	0.710171
LMNB2	HGNC:6638	LMNB2	84823	approved	not_common_essential	0.310179	0.103501	0.632103
MCL1	HGNC:6943	MCL1	4170	approved	common_essential	0.086098	0.0138556	0.222294
MDM2	HGNC:6973	MDM2	4193	approved	common_essential	0.185154	0.0830389	0.338691
MICA	HGNC:7090	MICA	100507436	approved	not_common_essential	0.00151225	0.000110845	0.00522903
MICB	HGNC:7091	MICB	4277	approved	not_common_essential	0.000998308	9.26347e-05	0.00330071
MKI67	HGNC:7107	MKI67	4288	approved	not_common_essential	0.00554779	0.00107076	0.0128554
PIK3CA	HGNC:8975	PIK3CA	5290	approved	common_essential	0.238183	0.122632	0.407758
RB1	HGNC:9884	RB1	5925	approved	not_common_essential	0.274167	0.136372	0.467284
TAF1	HGNC:11535	TAF1	6872	approved	common_essential	0.436591	0.194632	0.737013
TP53	HGNC:11998	TP53	7157	approved	not_common_essential	0.0785008	0.0336761	0.150928
TP53BP1	HGNC:11999	TP53BP1	7158	approved	not_common_essential	0.10377	0.0656021	0.155237
ULBP1	HGNC:14893	ULBP1	80329	approved	not_common_essential	0.00145555	7.22234e-05	0.00532529
ULBP2	HGNC:14894	ULBP2	80328	approved	not_common_essential	0.00127143	0.000100431	0.00433767
ULBP3	HGNC:14895	ULBP3	79465	approved	not_common_essential	0.00126167	9.16974e-05	0.00442993
BTK	HGNC:1133	BTK	695	approved	not_common_essential	0.361292	0.129422	0.677081
CHUK	HGNC:1974	CHUK	1147	approved	not_common_essential	0.0932332	0.0514923	0.153954
ELAVL1	HGNC:3312	ELAVL1	1994	approved	not_common_essential	0.328092	0.0730215	0.765512
HNRNPM	HGNC:5046	HNRNPM	4670	approved	common_essential	0.582288	0.183453	0.954394
IKBKB	HGNC:5960	IKBKB	3551	approved	not_common_essential	0.0483198	0.020369	0.0911715
IKBKE	HGNC:14552	IKBKE	9641	approved	not_common_essential	0.0338742	0.018382	0.0536429
IKBKG	HGNC:5961	IKBKG	8517	approved	not_common_essential	0.0678805	0.00185438	0.249151
IRAK1	HGNC:6112	IRAK1	3654	approved	not_common_essential	0.140864	0.0420269	0.340456
IRAK2	HGNC:6113	IRAK2	3656	approved	not_common_essential	0.00101907	0.000156305	0.00286568
IRAK4	HGNC:17967	IRAK4	51135	approved	not_common_essential	0.00207388	0.000213857	0.00667202
IRF1	HGNC:6116	IRF1	3659	approved	not_common_essential	0.191044	0.0653975	0.409088
IRF3	HGNC:6118	IRF3	3661	approved	not_common_essential	0.0194102	0.0065341	0.0378978
IRF5	HGNC:6120	IRF5	3663	approved	not_common_essential	0.0210662	0.00898414	0.0386397
IRF7	HGNC:6122	IRF7	3665	approved	not_common_essential	0.0016852	0.000177989	0.00508512
IRF9	HGNC:6131	IRF9	10379	approved	not_common_essential	0.0542737	0.0242567	0.0987757
JAK1	HGNC:6190	JAK1	3716	approved	not_common_essential	0.1594	0.0919865	0.250656
JAK2	HGNC:6192	JAK2	3717	approved	not_common_essential	0.0512126	0.0373657	0.0680744
MAP3K7	HGNC:6859	MAP3K7	6885	approved	not_common_essential	0.193193	0.0938489	0.336003
MYD88	HGNC:7562	MYD88	4615	approved	not_common_essential	0.0237659	0.00885597	0.0446924
NFKB2	HGNC:7795	NFKB2	4791	approved	not_common_essential	0.168956	0.0869616	0.292046
OTULIN	HGNC:25118	OTULIN	90268	approved	not_common_essential	0.0492051	0.0196804	0.0942272
PARP14	HGNC:29232	PARP14	54625	approved	not_common_essential	0.0254332	0.0128121	0.0403478
REL	HGNC:9954	REL	5966	approved	not_common_essential	0.13	0.0628903	0.230535
RELA	HGNC:9955	RELA	5970	approved	not_common_essential	0.211534	0.097341	0.377052
RELB	HGNC:9956	RELB	5971	approved	not_common_essential	0.174318	0.065892	0.358821
RIPK2	HGNC:10020	RIPK2	8767	approved	not_common_essential	0.0576135	0.0301826	0.0970157
SENP2	HGNC:23116	SENP2	59343	approved	not_common_essential	0.140311	0.0740511	0.233669
SENP7	HGNC:30402	SENP7	57337	approved	not_common_essential	0.0468083	0.0246894	0.0820204
STAT1	HGNC:11362	STAT1	6772	approved	not_common_essential	0.148102	0.0694966	0.27245
STAT2	HGNC:11363	STAT2	6773	approved	not_common_essential	0.0374597	0.021006	0.0617666
STAT3	HGNC:11364	STAT3	6774	approved	not_common_essential	0.355992	0.155254	0.63111
TBK1	HGNC:11584	TBK1	29110	approved	not_common_essential	0.0464553	0.0269761	0.0709412
TICAM1	HGNC:18348	TICAM1	148022	approved	not_common_essential	0.0219156	0.00210825	0.0722743
TICAM2	HGNC:21354	TICAM2	353376	approved	not_common_essential	0.00383446	0.000897195	0.00916715
TIRAP	HGNC:17192	TIRAP	114609	approved	not_common_essential	0.000759334	8.62213e-05	0.00239341
TLR4	HGNC:11850	TLR4	7099	approved	not_common_essential	0.00281602	0.000821745	0.00601443
TRAF3	HGNC:12033	TRAF3	7187	approved	not_common_essential	0.187071	0.100339	0.304817
TRAF6	HGNC:12036	TRAF6	7189	approved	not_common_essential	0.124155	0.0516268	0.235379
TRIM21	HGNC:11312	TRIM21	6737	approved	not_common_essential	0.00679083	0.00256383	0.0131512
TRIM3	HGNC:10064	TRIM3	10612	approved	not_common_essential	0.122934	0.0727312	0.190007
TRIM56	HGNC:19028	TRIM56	81844	approved	not_common_essential	0.0163778	0.00398251	0.033968
UNC93B1	HGNC:13481	UNC93B1	81622	approved	not_common_essential	0.0129106	0.000415153	0.0509121
XBP1	HGNC:12801	XBP1	7494	approved	not_common_essential	0.0522458	0.0209584	0.102895
IFNAR1	HGNC:5432	IFNAR1	3454	approved	not_common_essential	0.00194798	0.000205575	0.00624108
IFNAR2	HGNC:5433	IFNAR2	3455	approved	not_common_essential	0.00225157	0.000471434	0.0053957
IFIT5	HGNC:13328	IFIT5	24138	approved	not_common_essential	0.00642951	0.000398413	0.0210694
CARD11	HGNC:16393	CARD11	84433	approved	not_common_essential	0.120431	0.0638501	0.200087
IL18R1	HGNC:5988	IL18R1	8809	approved	not_common_essential	0.00511748	0.000978028	0.0132017
RIPK1	HGNC:10019	RIPK1	8737	approved	not_common_essential	0.0263155	0.0089785	0.0487243
CD14	HGNC:1628	CD14	929	approved	not_common_essential	0.001718	0.000115924	0.00599425
CD70	HGNC:11937	CD70	970	approved	not_common_essential	0.0164662	0.00119779	0.0546461
TNFRSF11A	HGNC:11908	TNFRSF11A	8792	approved	not_common_essential	0.0310431	0.0126494	0.0560634
TNFRSF14	HGNC:11912	TNFRSF14	8764	approved	not_common_essential	0.0290464	0.00184511	0.0825524
TNFSF13B	HGNC:11929	TNFSF13B	10673	approved	not_common_essential	0.202816	0.0508023	0.48842
TRAF5	HGNC:12035	TRAF5	7188	approved	not_common_essential	0.00755859	0.0029924	0.0140809
ZC3H12A	HGNC:26259	ZC3H12A	80149	approved	not_common_essential	0.0651865	0.0326832	0.114405
METTL3	HGNC:17563	METTL3	56339	approved	common_essential	0.0173537	0.00863755	0.0304512
YTHDF1	HGNC:15867	YTHDF1	54915	approved	not_common_essential	0.20563	0.0883972	0.377654
ATG16L1	HGNC:21498	ATG16L1	55054	approved	not_common_essential	0.0821183	0.0523064	0.121165
CALCOCO2	HGNC:29912	CALCOCO2	10241	approved	not_common_essential	0.00703601	0.00083056	0.0192729
GABARAP	HGNC:4067	GABARAP	11337	approved	not_common_essential	0.0509665	0.0141842	0.116605
PIK3C3	HGNC:8974	PIK3C3	5289	approved	common_essential	0.0182772	0.0108021	0.0269648
RB1CC1	HGNC:15574	RB1CC1	9821	approved	not_common_essential	0.160823	0.103336	0.234369
TAX1BP1	HGNC:11575	TAX1BP1	8887	approved	not_common_essential	0.0205244	0.0122724	0.0310732
ULK1	HGNC:12558	ULK1	8408	approved	not_common_essential	0.0552101	0.0322905	0.0885888
WIPI2	HGNC:32225	WIPI2	26100	approved	not_common_essential	0.0455013	0.0244699	0.0752562
LRRC8C	HGNC:25075	LRRC8C	84230	approved	not_common_essential	0.0445971	0.0296935	0.0642412
LRRC8E	HGNC:26272	LRRC8E	80131	approved	not_common_essential	0.00246972	0.000390758	0.00696492
CX3CR1	HGNC:2558	CX3CR1	1524	approved	not_common_essential	0.00777441	0.00191653	0.0191469
TCF7	HGNC:11639	TCF7	6932	approved	not_common_essential	0.0183794	0.00438281	0.0416799
CYLD	HGNC:2584	CYLD	1540	approved	not_common_essential	0.146783	0.0834547	0.233099
TNIP1	HGNC:16903	TNIP1	10318	approved	not_common_essential	0.059403	0.0275108	0.110414
TANK	HGNC:11562	TANK	10010	approved	not_common_essential	0.0769578	0.0282105	0.151531
TBKBP1	HGNC:30140	TBKBP1	9755	approved	not_common_essential	0.0384563	0.0164222	0.0775375
AZI2	HGNC:24002	AZI2	64343	approved	not_common_essential	0.0294717	0.014123	0.049728
USP25	HGNC:12624	USP25	29761	approved	not_common_essential	0.0506295	0.0332258	0.0734506
TRIM41	HGNC:19013	TRIM41	90933	approved	not_common_essential	0.0778807	0.0410905	0.131112
