gene_symbol	sensor_class	sensor_family	modules	uniprot	monomer_kDa	uniprot_locations	n_transmembrane	uniprot_subunit_text	atp_role_draft	anchoring_draft	ligand_compartment	half_life_basal_h	half_life_source_doi	condensate_or_polymer	condensate_evidence_doi	functional_assembly	copies_per_cell	copies_cell_type	copies_source_doi	review_note	self_assembly_uniprot	proximal_readout	activation_stoichiometry	stoichiometry_doi	curated_sensor_partners	string_sensor_partners_n	t_ligand_to_proximal_output	t_proximal_to_transcriptional_output	timescale_source_doi	multiplicity_distinct_sensors	ligand_length_threshold	adaptor_class	adaptor_class_secondary	adaptor_link_type	adaptor_evidence_source	adaptor_evidence_text	adaptor_string_lead	marker_doi	marker_doi_title	marker_doi_pmid	adaptor_class_uniprot	doi_verdict	doi_verdict_note
AIM2	dna_sensor	ALR	INFLAMMASOME; NASP_DNA_SENSING	O14862	39.0	Cytoplasm; Inflammasome; Nucleus	0	Self-associates; forms homooligomers in response to cytosolic double-stranded DNA (dsDNA) and the dsDNA seems to serve as oligomerization platform (PubMed:15582594, PubMed:19158676, PubMed:24406744, P	no intrinsic ATP use annotated	soluble/peripheral (UniProt)	needs_curation	needs_curation	needs_curation	needs_curation	needs_curation	needs_curation	needs_curation	needs_curation	needs_curation		homooligomer; polymer; oligomer	ASC speck / caspase-1	nucleated filament -> ASC polymer	10.1016/j.cell.2014.02.008	none_curated	5	needs_curation	needs_curation	needs_curation	needs_curation	needs_curation	ASC_inflammasome		complex_member	uniprot_function_curated	Acts as a recognition receptor (PRR): specifically recognizes and binds dsDNA in the cytosol, and mediates the formation of the inflammasome polymeric complex composed of AIM2, CASP1 and PYCARD/ASC (PubMed:17726700, PubMed:19158675, PubMed:19158676, PubMed:191	PYCARD(1.00)	10.1038/ni.1702	An orthogonal proteomic-genomic screen identifies AIM2 as a cytoplasmic DNA sensor for the inflammasome	19158679	ASC_inflammasome	supported_by_marker_doi	ASC/caspase-1 inflammasome named in abstract
CGAS	dna_sensor	cGAS-STING	NASP_DNA_SENSING	Q8N884	58.8	Nucleus; Chromosome; Cell membrane; Peripheral membrane protein; Cytoplasm, cytosol	0	Monomer in the absence of DNA (PubMed:28363908). Homodimer in presence of dsDNA: forms a 2:2 dimer with two enzymes binding to two DNA molecules (PubMed:30007416, PubMed:30799039, PubMed:31142647, Pub	substrate (ATP+GTP -> 2'3'-cGAMP)	soluble/peripheral (UniProt)	needs_curation	needs_curation	needs_curation	needs_curation	needs_curation	needs_curation	needs_curation	needs_curation	needs_curation	mostly nuclear, nucleosome-tethered and inhibited; sensor localization != sensing compartment	homodimer	2'3'-cGAMP synthesis -> STING	dimer_minimum; ladder/condensate on long DNA	10.1038/nature23890; 10.1126/science.aat1022	PQBP1(co_sensor_upstream); ZCCHC3(co_sensor); IFI16(cooperative)	3	needs_curation	needs_curation	needs_curation	needs_curation	needs_curation	STING_axis		enzymatic_second_messenger	uniprot_function_curated	Acts as a key DNA sensor: directly binds double-stranded DNA (dsDNA), inducing the formation of liquid-like droplets in which CGAS is activated, leading to synthesis of 2',3'-cGAMP, a second messenger that binds to and activates STING1, thereby triggering type		10.1126/science.1229963	Cyclic GMP-AMP Is an Endogenous Second Messenger in Innate Immune Signaling by Cytosolic DNA	23258412	STING_axis	supported_by_marker_doi	"""requires the adaptor protein STING""; cGAMP binds STING"
DDX1	rna_sensor	RLR	NASP_RNA_SENSING	Q92499	82.4	Nucleus; Cytoplasm; Cytoplasmic granule; Cytoplasm, cytosol; Mitochondrion	0	(Microbial infection) Interacts with Venezuelan equine encephalitis virus non-structural protein 3. {ECO:0000269|PubMed:27105836}.; Found in a multi-helicase-TICAM1 complex at least composed of DHX36,	ATPase/helicase domain	soluble/peripheral (UniProt)	needs_curation	needs_curation	needs_curation	needs_curation	needs_curation	needs_curation	needs_curation	needs_curation	needs_curation		none_stated	TRIF (DDX1-DDX21-DHX36 complex)	needs_curation	needs_curation	DDX21(complex_member); DHX36(complex_member)	2	needs_curation	needs_curation	needs_curation	needs_curation	needs_curation	TRIF_axis		complex_member_TICAM1	uniprot_function_curated	Component of a multi-helicase-TICAM1 complex that acts as a cytoplasmic sensor of viral double-stranded RNA (dsRNA) and plays a role in the activation of a cascade of antiviral responses including the induction of pro-inflammatory cytokines via the adapter mol		10.1016/j.immuni.2011.03.027	DDX1, DDX21, and DHX36 Helicases Form a Complex with the Adaptor Molecule TRIF to Sense dsRNA in Dendritic Cells	21703541	TRIF_axis	supported_by_marker_doi	TRIF/TICAM1 complex is the paper title claim
DDX21	rna_sensor	RLR	NASP_RNA_SENSING	Q9NR30	87.3	Nucleus, nucleolus; Nucleus, nucleoplasm; Cytoplasm, cytosol; Mitochondrion	0	Homodimer; homodimerizes via its N-terminus. Found in a multi-helicase-TICAM1 complex at least composed of DHX36, DDX1, DDX21 and TICAM1; this complex exists in resting cells with or without poly(I:C)	ATPase/helicase domain	soluble/peripheral (UniProt)	needs_curation	needs_curation	needs_curation	needs_curation	needs_curation	needs_curation	needs_curation	needs_curation	needs_curation		homodimer	TRIF (DDX1-DDX21-DHX36 complex)	needs_curation	needs_curation	DDX1(complex_member); DHX36(complex_member)	5	needs_curation	needs_curation	needs_curation	needs_curation	needs_curation	TRIF_axis		complex_member_TICAM1	uniprot_function_curated	Component of a multi-helicase-TICAM1 complex that acts as a cytoplasmic sensor of viral double-stranded RNA (dsRNA) and plays a role in the activation of a cascade of antiviral responses including the induction of pro-inflammatory cytokines via the adapter mol		10.1016/j.bbrc.2016.03.120	DDX21 translocates from nucleus to cytoplasm and stimulates the innate immune response due to dengue virus infection	27033607	TRIF_axis	not_addressed	DENV paper; innate activation claimed, no adaptor named
DDX41	dna_sensor; rna_sensor	cGAS-STING	NASP_DNA_SENSING; NASP_RNA_SENSING	Q9UJV9	69.8	Nucleus; Cytoplasm	0	Identified in the spliceosome C complex (PubMed:11991638, PubMed:25920683). Interacts with ERCC6 (PubMed:26030138). Interacts with FAM50A (PubMed:32703943). Interacts with STING1 (PubMed:25704810). In	ATPase/helicase domain	soluble/peripheral (UniProt)	needs_curation	needs_curation	needs_curation	needs_curation	needs_curation	needs_curation	needs_curation	needs_curation	needs_curation		none_stated	STING engagement	needs_curation	needs_curation	none_curated	1	needs_curation	needs_curation	needs_curation	needs_curation	needs_curation	STING_axis		direct_interaction	uniprot_function_curated	Mechanistically, phosphorylation by BTK allows binding to dsDNA leading to interaction with STING1 (PubMed:25704810).		10.1038/ni.2091	The helicase DDX41 senses intracellular DNA mediated by the adaptor STING in dendritic cells	21892174	STING_axis	supported_by_marker_doi	STING named as mediating adaptor in title
DDX58	rna_sensor	RLR	NASP_RNA_SENSING	O95786	106.6	Cytoplasm; Cell projection, ruffle membrane; Cytoplasm, cytoskeleton; Cell junction, tight junction	0	Monomer; maintained as a monomer in an autoinhibited state. Upon binding of viral RNAs and conformational shift, homooligomerizes and forms filaments on these molecules (PubMed:26471729, PubMed:318813	ATPase/helicase domain	soluble/peripheral (UniProt)	needs_curation	needs_curation	needs_curation	needs_curation	needs_curation	needs_curation	needs_curation	needs_curation	needs_curation	ATP hydrolysis linked to RNA proofreading/filament dynamics; ligand binding itself ATP-independent	homodimer; homooligomer; filament; oligomer	MAVS filament -> TBK1/IRF3	ATP-dependent filament oligomerization	10.1016/j.molcel.2013.07.024	DHX58(inhibitory)	10	needs_curation	needs_curation	needs_curation	needs_curation	needs_curation	MAVS_axis		direct_interaction	uniprot_function_curated	Upon activation, associates with mitochondria antiviral signaling protein (MAVS/IPS1) that activates the IKK-related kinases TBK1 and IKBKE which in turn phosphorylate the interferon regulatory factors IRF3 and IRF7, activating transcription of antiviral immun		10.1038/ni1087	The RNA helicase RIG-I has an essential function in double-stranded RNA-induced innate antiviral responses	15208624	MAVS_axis	not_addressed_predates_adaptor	Yoneyama 2004 predates MAVS (2005); no adaptor named
DDX6	rna_sensor	RLR	NASP_RNA_SENSING	P26196	54.4	Cytoplasm, P-body; Cytoplasm; Nucleus; Cytoplasm, Cytoplasmic ribonucleoprotein granule	0	(Microbial infection) Interacts with rotavirus A non-structural protein 2; this interaction probably plays a role in the sequestration of DDX6 in viral factories (PubMed:30258011). Interacts with rota	ATPase/helicase domain	soluble/peripheral (UniProt)	needs_curation	needs_curation	needs_curation	needs_curation	needs_curation	needs_curation	needs_curation	needs_curation	needs_curation		none_stated	P-body RNA regulation (indirect)	needs_curation	needs_curation	none_curated	2	needs_curation	needs_curation	needs_curation	needs_curation	needs_curation	MAVS_axis		via_cosensor_RIGI	none; marker_doi_abstract			10.3390/ijms19071877	The RNA Helicase DDX6 Associates with RIG-I to Augment Induction of Antiviral Signaling	29949917	unresolved	refines_class	title: associates with RIG-I to augment antiviral signaling
DDX60L	rna_sensor	RLR	NASP_RNA_SENSING	Q5H9U9	197.6		0		ATPase/helicase domain	soluble/peripheral (UniProt)	needs_curation	needs_curation	needs_curation	needs_curation	needs_curation	needs_curation	needs_curation	needs_curation	needs_curation		none_stated	RLR-associated (indirect)	needs_curation	needs_curation	none_curated	0	needs_curation	needs_curation	needs_curation	needs_curation	needs_curation	unresolved		unresolved	none			10.1128/JVI.01297-15	DDX60L Is an Interferon-Stimulated Gene Product Restricting Hepatitis C Virus Replication in Cell Culture	26269178	unresolved	doi_not_discovery_paper	DOI describes DDX60L as an ISG restriction factor, not a sensor
DHX16	rna_sensor	RLR	NASP_RNA_SENSING	O60231	119.3	Nucleus; Nucleus, nucleoplasm; Cytoplasm	0	Component of pre-catalytic spliceosome complexes (PubMed:20423332, PubMed:20841358, PubMed:25296192, PubMed:29360106). Component of the minor spliceosome, which splices U12-type introns (PubMed:335099	ATPase/helicase domain	soluble/peripheral (UniProt)	needs_curation	needs_curation	needs_curation	needs_curation	needs_curation	needs_curation	needs_curation	needs_curation	needs_curation		none_stated	RLR pathway (MAVS)	needs_curation	needs_curation	none_curated	1	needs_curation	needs_curation	needs_curation	needs_curation	needs_curation	MAVS_axis		via_cosensor_RIGI	none; marker_doi_abstract			10.1016/j.celrep.2022.110434	The RNA helicase DHX16 recognizes specific viral RNA to trigger RIG-I-dependent innate antiviral immunity	35263596	unresolved	refines_class	title: triggers RIG-I-dependent antiviral immunity
DHX33	rna_sensor	RLR	NASP_RNA_SENSING	Q9H6R0	78.9	Nucleus, nucleolus; Nucleus, nucleoplasm; Cytoplasm; Nucleus; Inflammasome	0	Interacts with UBTF (PubMed:21930779). Interacts with DDX3X, EIF3G and EIF3H; the interaction is independent of RNA (PubMed:26100019). Interacts (via HA2 region and Helicase C-terminal domain) with th	ATPase/helicase domain	soluble/peripheral (UniProt)	needs_curation	needs_curation	needs_curation	needs_curation	needs_curation	needs_curation	needs_curation	needs_curation	needs_curation		none_stated	MAVS / NLRP3	needs_curation	needs_curation	none_curated	2	needs_curation	needs_curation	needs_curation	needs_curation	needs_curation	ASC_inflammasome		via_NLRP3	none; marker_doi_abstract		MAVS(0.98); PYCARD(0.90)	10.1016/j.immuni.2013.07.001	The DHX33 RNA Helicase Senses Cytosolic RNA and Activates the NLRP3 Inflammasome	23871209	unresolved	refines_class	title: activates the NLRP3 inflammasome
DHX36	dna_sensor; rna_sensor	Multi; RLR	NASP_DNA_SENSING; NASP_RNA_SENSING	Q9H2U1	114.8	Nucleus; Cytoplasm; Cytoplasm, cytosol; Cytoplasm, Stress granule; Nucleus speckle; Chromosome, telomere; Mitochondrion; Perikaryon; Cell projection, dendrite; Cell projection, axon	0	Found in a multi-helicase-TICAM1 complex at least composed of DHX36, DDX1, DDX21 and TICAM1; this complex exists in resting cells with or without dsRNA poly(I:C) ligand stimulation (By similarity). In	ATPase/helicase domain	soluble/peripheral (UniProt)	needs_curation	needs_curation	needs_curation	needs_curation	needs_curation	needs_curation	needs_curation	needs_curation	needs_curation		none_stated	TRIF / MyD88	needs_curation	needs_curation	DDX1(complex_member); DDX21(complex_member)	3	needs_curation	needs_curation	needs_curation	needs_curation	needs_curation	TRIF_axis		complex_member_TICAM1	uniprot_function_curated	Component of a multi-helicase-TICAM1 complex that acts as a cytoplasmic sensor of viral double-stranded RNA (dsRNA) and plays a role in the activation of a cascade of antiviral responses including the induction of pro-inflammatory cytokines via the adapter mol	MYD88(0.88)	10.1038/s41467-019-10432-5	DHX36 prevents the accumulation of translationally inactive mRNAs with G4-structures in untranslated regions	31160600	TRIF_axis	doi_not_discovery_paper	DOI is a G4-mRNA translation paper, not nucleic-acid sensing
DHX58	rna_sensor	RLR	NASP_RNA_SENSING	Q96C10	76.6	Cytoplasm	0	Monomer in the absence of dsRNA. Homodimer in the presence of dsRNA. Interacts with RIGI (via CARD domain), MAVS/IPS1 and DDX60. Found in a complex with RIGI and IFIH1/MDA5. Interacts with ANKRD17. Di	ATPase/helicase domain	soluble/peripheral (UniProt)	needs_curation	needs_curation	needs_curation	needs_curation	needs_curation	needs_curation	needs_curation	needs_curation	needs_curation	ATP hydrolysis linked to RNA proofreading/filament dynamics; ligand binding itself ATP-independent	homodimer	RLR modulation (no independent adaptor)	needs_curation	needs_curation	IFIH1(positive_modulator); DDX58(inhibitory)	2	needs_curation	needs_curation	needs_curation	needs_curation	needs_curation	none_modulator		modulator_no_direct_adaptor	uniprot_function_curated_negative	Cannot initiate antiviral signaling as it lacks the CARD domain required for activating MAVS/IPS1-dependent signaling events.	MAVS(0.97)	10.1073/pnas.0606699104	Regulation of innate antiviral defenses through a shared repressor domain in RIG-I and LGP2	17190814	none_modulator	supported_by_marker_doi	repressor of RIG-I; consistent with none_modulator
DHX9	dna_sensor; rna_sensor	Multi; RLR	NASP_DNA_SENSING; NASP_RNA_SENSING	Q08211	141.0	Nucleus; Nucleus, nucleoplasm; Nucleus, nucleolus; Cytoplasm	0	Component of the coding region determinant (CRD)-mediated complex, composed of DHX9, HNRNPU, IGF2BP1, SYNCRIP and YBX1 (PubMed:19029303). Identified in a mRNP complex, at least composed of DHX9, DDX3X	ATPase/helicase domain	soluble/peripheral (UniProt)	needs_curation	needs_curation	needs_curation	needs_curation	needs_curation	needs_curation	needs_curation	needs_curation	needs_curation		filament; polymer	MyD88 / MAVS (context-dependent)	needs_curation	needs_curation	none_curated	10	needs_curation	needs_curation	needs_curation	needs_curation	needs_curation	MAVS_axis		direct_interaction	none; marker_doi_abstract		MYD88(0.93); MAVS(0.76)	10.4049/jimmunol.1101307	DHX9 Pairs with IPS-1 To Sense Double-Stranded RNA in Myeloid Dendritic Cells	21957149	unresolved	refines_class	"title: ""DHX9 pairs with IPS-1"" (IPS-1 = MAVS)"
EIF2AK2	rna_sensor	PKR	ISR; NASP_RNA_SENSING	P19525	62.1	Cytoplasm; Nucleus; Cytoplasm, perinuclear region	0	Homodimer (PubMed:16179258, PubMed:31246429). Interacts with STRBP (By similarity). Interacts with DNAJC3. Forms a complex with FANCA, FANCC, FANCG and HSP70. Interacts with ADAR/ADAR1. Interacts with	phosphoryl donor (kinase)	soluble/peripheral (UniProt)	needs_curation	needs_curation	needs_curation	needs_curation	needs_curation	needs_curation	needs_curation	needs_curation	needs_curation		homodimer	eIF2alpha phosphorylation -> translational arrest	dimerization required; long dsRNA	10.1261/rna.7150804; 10.1016/j.jmb.2004.10.031	none_curated	6	needs_curation	needs_curation	needs_curation	needs_curation	needs_curation	EIF2A_ISR		direct_substrate	uniprot_function_curated	IFN-induced dsRNA-dependent serine/threonine-protein kinase that phosphorylates the alpha subunit of eukaryotic translation initiation factor 2 (EIF2S1/eIF-2-alpha) and plays a key role in the innate immune response to viral infection (PubMed:18835251, PubMed:	EIF2S1(0.92)	10.1073/pnas.75.3.1121	Regulation of protein synthesis: Activation by double-stranded RNA of a protein kinase that phosphorylates eukaryotic initiation factor 2	274704	EIF2A_ISR	supported_by_marker_doi	eIF-2 phosphorylation is the paper claim (1978)
HNRNPA2B1	dna_sensor; rna_sensor		NASP_DNA_SENSING; NASP_RNA_SENSING	P22626	37.4	Nucleus; Nucleus, nucleoplasm; Cytoplasm; Cytoplasmic granule; Secreted, extracellular exosome	0	Homodimer; dimerization is required for nucleocytoplasmic translocation (PubMed:31320558). Identified in the spliceosome C complex (PubMed:11991638). Identified in a IGF2BP1-dependent mRNP granule com	no intrinsic ATP use annotated	soluble/peripheral (UniProt)	needs_curation	needs_curation	needs_curation	needs_curation	needs_curation	needs_curation	needs_curation	needs_curation	needs_curation		homodimer	nuclear->cytosolic cGAS amplification	needs_curation	needs_curation	none_curated	1	needs_curation	needs_curation	needs_curation	needs_curation	needs_curation	STING_axis		amplifier_STING_pathway	uniprot_function_curated; marker_doi_abstract	In turn, translocates to the cytoplasm where it activates the TBK1-IRF3 pathway, leading to interferon alpha/beta production (PubMed:31320558).		10.1126/science.aav0758	Nuclear hnRNPA2B1 initiates and amplifies the innate immune response to DNA viruses	31320558	TBK1_IRF3_unspecified	refines_class	"""enhancing STING-dependent cytoplasmic antiviral signaling"""
IFI16	dna_sensor	ALR	NASP_DNA_SENSING	Q16666	88.3	Nucleus; Cytoplasm	0	Forms homooligomers; isoform 2 can self-associate or associate with isoform 1 or isoform 3. Interacts with TMEM173, AIM2, PYCARD and CASP1. Interacts with BRCA1, TP53, E2F1, RB1 and SP1. Interacts wit	no intrinsic ATP use annotated	soluble/peripheral (UniProt)	needs_curation	needs_curation	needs_curation	needs_curation	needs_curation	needs_curation	needs_curation	needs_curation	needs_curation		homooligomer; oligomer	STING engagement / inflammasome	filament assembly on dsDNA	10.1038/s44318-025-00626-7	CGAS(cooperative)	7	needs_curation	needs_curation	needs_curation	needs_curation	needs_curation	STING_axis	ASC_inflammasome(proposed)	direct_interaction	uniprot_function_curated	After binding to viral DNA in the cytoplasm recruits TMEM173/STING and mediates the induction of IFN-beta.	PYCARD(0.87)	10.1038/ni.1932	IFI16 is an innate immune sensor for intracellular DNA	20890285	STING_axis	supported_by_marker_doi	"""STING ... was recruited to IFI16 after DNA stimulation"""
IFIH1	rna_sensor	RLR	NASP_RNA_SENSING	Q9BYX4	116.7	Cytoplasm; Nucleus; Mitochondrion	0	Monomer in the absence of ligands and homodimerizes in the presence of dsRNA ligands. Can assemble into helical or linear polymeric filaments on long dsRNA (PubMed:33727702). Interacts with MAVS/IPS1.	ATPase/helicase domain	soluble/peripheral (UniProt)	needs_curation	needs_curation	needs_curation	needs_curation	needs_curation	needs_curation	needs_curation	needs_curation	needs_curation	ATP hydrolysis linked to RNA proofreading/filament dynamics; ligand binding itself ATP-independent	homodimer; filament; polymer	MAVS filament -> TBK1/IRF3	cooperative_filament (length-dependent)	10.1073/pnas.1113651108	DHX58(positive_modulator)	6	needs_curation	needs_curation	needs_curation	needs_curation	needs_curation	MAVS_axis		direct_interaction	uniprot_function_curated	Upon ligand binding it associates with mitochondria antiviral signaling protein (MAVS/IPS1) which activates the IKK-related kinases: TBK1 and IKBKE which phosphorylate interferon regulatory factors: IRF3 and IRF7 which in turn activate transcription of antivir	MAVS(1.00)	10.1038/nature04734	Differential roles of MDA5 and RIG-I helicases in the recognition of RNA viruses	16625202	MAVS_axis	not_addressed	Kato 2006 names no adaptor in abstract
LRRFIP1	dna_sensor; rna_sensor	cGAS-STING	NASP_DNA_SENSING; NASP_RNA_SENSING	Q32MZ4	89.3	Nucleus; Cytoplasm	0	Homodimer. May also form higher oligomers. Interacts with FLII. Interacts with MYD88. Competes with FLII for MyD88-binding, even in the absence of LPS. {ECO:0000269|PubMed:19265123, ECO:0000269|PubMed	no intrinsic ATP use annotated	soluble/peripheral (UniProt)	needs_curation	needs_curation	needs_curation	needs_curation	needs_curation	needs_curation	needs_curation	needs_curation	needs_curation		homodimer; oligomer	beta-catenin -> IFNB1 enhancement	needs_curation	needs_curation	none_curated	1	needs_curation	needs_curation	needs_curation	needs_curation	needs_curation	beta_catenin_IRF3_axis		direct_pathway	uniprot_function_curated_hedged; marker_doi_abstract	Positively regulates Toll-like receptor (TLR) signaling in response to agonist probably by competing with the negative FLII regulator for MYD88-binding.		10.1038/ni.1876	The cytosolic nucleic acid sensor LRRFIP1 mediates the production of type I interferon via a β-catenin-dependent pathway	20453844	none_modulator	refines_class	title: type I IFN via a beta-catenin-dependent pathway
NLRP1	rna_sensor	NLR	INFLAMMASOME; NASP_RNA_SENSING	Q9C000	165.9	Cytoplasm, cytosol; Cytoplasm; Nucleus; Inflammasome	0	Interacts (via LRR repeats) with BCL2 and BCL2L1 (via the loop between motifs BH4 and BH3); these interactions reduce NLRP1 inflammasome-induced CASP1 activation and IL1B release, possibly by impairin	NACHT ATPase (nucleotide binding for oligomerization)	soluble/peripheral (UniProt)	needs_curation	needs_curation	needs_curation	needs_curation	needs_curation	needs_curation	needs_curation	needs_curation	needs_curation		homodimer; homomultimer; filament; polymer	inflammasome -> caspase-1	needs_curation	needs_curation	none_curated	6	needs_curation	needs_curation	needs_curation	needs_curation	needs_curation	ASC_inflammasome		complex_member	uniprot_function_curated	Acts as a recognition receptor (PRR): recognizes specific pathogens and other damage-associated signals, such as cleavage by some human enteroviruses and rhinoviruses, double-stranded RNA, UV-B irradiation, or Val-boroPro inhibitor, and mediates the formation 	PYCARD(1.00)	10.1126/science.abd0811	Human NLRP1 is a sensor for double-stranded RNA	33243852	ASC_inflammasome	supported_by_marker_doi	inflammasome/ASC route named
NOD2	rna_sensor	NLR	NASP_RNA_SENSING	Q9HC29	115.3	Cell membrane; Lipid-anchor; Basolateral cell membrane; Cytoplasm; Mitochondrion	0	Homooligomer: homooligomerizes following muramyl dipeptide (MDP)-binding, promoting RIPK2 recruitment (PubMed:11087742, PubMed:22700971). Interacts (via CARD domain) with RIPK2 (via CARD domain) (PubM	NACHT ATPase (nucleotide binding for oligomerization)	soluble/peripheral (UniProt)	needs_curation	needs_curation	needs_curation	needs_curation	needs_curation	needs_curation	needs_curation	needs_curation	needs_curation		homooligomer; filament; oligomer	RIPK2 -> NF-kB	needs_curation	needs_curation	none_curated	5	needs_curation	needs_curation	needs_curation	needs_curation	needs_curation	RIPK2_NFKB	MAVS_axis; ASC_inflammasome(hedged)	direct_interaction	uniprot_function_curated	Also plays a role in antiviral response by acting as a sensor of single-stranded RNA (ssRNA) from viruses: upon ssRNA-binding, interacts with MAVS, leading to activation of interferon regulatory factor-3/IRF3 and expression of type I interferon (PubMed:1970118	RIPK2(1.00); MAVS(0.88)	10.1038/mi.2011.29	NOD2, an intracellular innate immune sensor involved in host defense and Crohn's disease	21750585	RIPK2_NFKB	doi_not_discovery_paper	2011 Mucosal Immunology review
OAS1	rna_sensor	OAS	NASP_RNA_SENSING	P00973	46.0	Cytoplasm; Mitochondrion; Nucleus; Microsome; Endoplasmic reticulum; Secreted	0	Monomer (PubMed:9407111). Homotetramer (PubMed:23319625, PubMed:9407111). {ECO:0000269|PubMed:23319625, ECO:0000269|PubMed:9407111}.	substrate (ATP -> 2-5A oligoadenylate)	soluble/peripheral (UniProt)	needs_curation	needs_curation	needs_curation	needs_curation	needs_curation	needs_curation	needs_curation	needs_curation	needs_curation		homotetramer	2-5A -> RNase L	needs_curation	needs_curation	OAS3(functional_dominance)	2	needs_curation	needs_curation	needs_curation	needs_curation	needs_curation	RNASEL_2_5A		enzymatic_second_messenger	uniprot_go_mf			10.1073/pnas.1218528110	Structural basis for cytosolic double-stranded RNA surveillance by human oligoadenylate synthetase 1	23319625	RNASEL_2_5A	supported_by_marker_doi	RNase L / 2-5A named
OAS2	rna_sensor	OAS	NASP_RNA_SENSING	P29728	82.4	Cytoplasm; Cytoplasm, perinuclear region; Golgi apparatus membrane	0	Homodimer; homodimerization is mediated by coordination of Zn(2+) and down-regulates enzyme activity in response to dsRNA (PubMed:10464285, PubMed:40412389, PubMed:9880569). Monomer; dimer-to-monomer 	substrate (ATP -> 2-5A oligoadenylate)	soluble/peripheral (UniProt)	needs_curation	needs_curation	needs_curation	needs_curation	needs_curation	needs_curation	needs_curation	needs_curation	needs_curation		homodimer	2-5A -> RNase L	needs_curation	needs_curation	OAS3(functional_dominance)	3	needs_curation	needs_curation	needs_curation	needs_curation	needs_curation	RNASEL_2_5A		enzymatic_second_messenger	uniprot_function_curated	Activated by detection of double stranded RNA (dsRNA): catalyzes the formation of 2'-5'-oligoadenylates (2-5A) from polymerization of ATP which then bind to the inactive monomeric form of ribonuclease L (RNASEL) leading to its dimerization and subsequent activ		10.1089/jir.2023.0098	The Many Faces of Oligoadenylate Synthetases	37751211	RNASEL_2_5A	doi_not_discovery_paper	"2023 review ""The Many Faces of Oligoadenylate Synthetases"""
OAS3	rna_sensor	OAS	NASP_RNA_SENSING	Q9Y6K5	121.2	Cytoplasm; Nucleus	0	Monomer. {ECO:0000269|PubMed:25775560}.	substrate (ATP -> 2-5A oligoadenylate)	soluble/peripheral (UniProt)	needs_curation	needs_curation	needs_curation	needs_curation	needs_curation	needs_curation	needs_curation	needs_curation	needs_curation		none_stated	2-5A -> RNase L	needs_curation	needs_curation	OAS1(functional_dominance); OAS2(functional_dominance)	2	needs_curation	needs_curation	needs_curation	needs_curation	needs_curation	RNASEL_2_5A		enzymatic_second_messenger	uniprot_go_mf			10.1089/jir.2023.0098	The Many Faces of Oligoadenylate Synthetases	37751211	RNASEL_2_5A	doi_not_discovery_paper	2023 review, same DOI as OAS2
PQBP1	dna_sensor	cGAS-STING	NASP_DNA_SENSING	O60828	30.5	Nucleus; Nucleus speckle; Cytoplasmic granule	0	Interacts with POU3F2/Brn-2, ATXN1, TXNL4A, HTT and AR (PubMed:10332029, PubMed:10873650, PubMed:19303059, PubMed:24781215). Interaction with ATXN1 correlates positively with the length of the polyglu	no intrinsic ATP use annotated	soluble/peripheral (UniProt)	needs_curation	needs_curation	needs_curation	needs_curation	needs_curation	needs_curation	needs_curation	needs_curation	needs_curation		polymer	cGAS recruitment to ligand	needs_curation	needs_curation	CGAS(co_sensor_upstream)	2	needs_curation	needs_curation	needs_curation	needs_curation	needs_curation	STING_axis		via_cosensor_CGAS	uniprot_function_curated	Directly binds retroviral reverse-transcribed DNA in the cytosol and interacts with CGAS, leading to activate the cGAS-STING signaling pathway, triggering type-I interferon production (PubMed:26046437).		10.1016/j.cell.2015.04.050	PQBP1 Is a Proximal Sensor of the cGAS-Dependent Innate Response to HIV-1	26046437	STING_axis	supported_by_marker_doi	cGAS-STING pathway named in title
PRKDC	dna_sensor		NASP_DNA_SENSING	P78527	469.1	Nucleus; Nucleus, nucleolus; Cytoplasm, cytosol	0	DNA-PK is a heterotrimer of PRKDC and the Ku dimer (composed of XRCC6/Ku70 and XRCC5/Ku86) (PubMed:15758953, PubMed:25670504). Formation of this complex may be promoted by interaction with ILF3 (PubMe	phosphoryl donor (kinase)	soluble/peripheral (UniProt)	needs_curation	needs_curation	needs_curation	needs_curation	needs_curation	needs_curation	needs_curation	needs_curation	needs_curation		none_stated	IRF3-dependent transcription (DNA-PK complex)	needs_curation	needs_curation	XRCC5(complex_member); XRCC6(complex_member)	4	needs_curation	needs_curation	needs_curation	needs_curation	needs_curation	STING_axis		complex_member_HDP_RNP	uniprot_function_curated	Plays a role in the regulation of DNA virus-mediated innate immune response by assembling into the HDP-RNP complex, a complex that serves as a platform for IRF3 phosphorylation and subsequent innate immune response activation thro		10.7554/eLife.00047	DNA-PK is a DNA sensor for IRF-3-dependent innate immunity	23251783	STING_axis	supported_by_marker_doi	"""dependent on IRF-3, TBK1 and STING"""
PYHIN1	dna_sensor	ALR	NASP_DNA_SENSING	Q6K0P9	55.1	Nucleus, nucleoplasm; Nucleus; Nucleus speckle	0	Interacts with MDM2. {ECO:0000269|PubMed:16479015}.	no intrinsic ATP use annotated	soluble/peripheral (UniProt)	needs_curation	needs_curation	needs_curation	needs_curation	needs_curation	needs_curation	needs_curation	needs_curation	needs_curation		none_stated	transcriptional co-regulation (no canonical proximal enzyme)	needs_curation	needs_curation	none_curated	0	needs_curation	needs_curation	needs_curation	needs_curation	needs_curation	unresolved		unresolved	none			10.15252/msb.20145808	The functional interactome of PYHIN immune regulators reveals IFIX is a sensor of viral DNA	25665578	unresolved	not_addressed	PYHIN interactome paper; supports sensor role, no adaptor named
RAD50	dna_sensor	cGAS-STING	NASP_DNA_SENSING	Q92878	153.9	Nucleus; Chromosome, telomere; Chromosome	0	Component of the MRN complex composed of two heterodimers RAD50 and MRE11 associated with a single NBN (PubMed:10839544, PubMed:26215093, PubMed:28867292, PubMed:36577401, PubMed:8756642, PubMed:95901	ATPase/helicase domain	soluble/peripheral (UniProt)	needs_curation	needs_curation	needs_curation	needs_curation	needs_curation	needs_curation	needs_curation	needs_curation	needs_curation		oligomer	MRN-CARD9 / ATM-dependent signaling	needs_curation	needs_curation	none_curated	3	needs_curation	needs_curation	needs_curation	needs_curation	needs_curation	unresolved		unresolved	none			10.1038/s41586-023-06889-6	MRE11 liberates cGAS from nucleosome sequestration during tumorigenesis	38200309	unresolved	doi_not_discovery_paper	DOI is an MRE11 paper; RAD50 not the subject
RPSA	dna_sensor; rna_sensor		NASP_DNA_SENSING; NASP_RNA_SENSING	P08865	32.9	Cell membrane; Cytoplasm; Nucleus	0	Monomer (37LRP) and homodimer (67LR). Component of the small ribosomal subunit. Mature ribosomes consist of a small (40S) and a large (60S) subunit. The 40S subunit contains about 33 different protein	no intrinsic ATP use annotated	soluble/peripheral (UniProt)	needs_curation	needs_curation	needs_curation	needs_curation	needs_curation	needs_curation	needs_curation	needs_curation	needs_curation		homodimer	non-canonical (poorly defined)	needs_curation	needs_curation	none_curated	0	needs_curation	needs_curation	needs_curation	needs_curation	needs_curation	chromatin_NFKB_noncanonical		no_adaptor	none; marker_doi_abstract		EIF2S1(0.87)	10.1038/s41467-023-43784-0	Nuclear RPSA senses viral nucleic acids to promote the innate inflammatory response	38114488	unresolved	refines_class	"abstract: NF-kB chromatin accessibility via SMARCA5, explicitly ""without affecting innate signaling"""
SLFN11	dna_sensor		NASP_DNA_SENSING	Q7Z7L1	102.8	Nucleus; Chromosome	0	Homodimer (PubMed:36115853). Interacts with MCM3 (PubMed:29395061). Interacts with DHX9 (PubMed:26625211, PubMed:29395061). Interacts with RPA1 (PubMed:26658330, PubMed:29395061). {ECO:0000269|PubMed:	ATPase/helicase domain	soluble/peripheral (UniProt)	needs_curation	needs_curation	needs_curation	needs_curation	needs_curation	needs_curation	needs_curation	needs_curation	needs_curation		homodimer	tRNA-dependent translational block	needs_curation	needs_curation	none_curated	0	needs_curation	needs_curation	needs_curation	needs_curation	needs_curation	unresolved		unresolved	none			10.1126/sciimmunol.adj5465	Schlafen 11 triggers innate immune responses through its ribonuclease activity upon detection of single-stranded DNA	38875319	unresolved	not_addressed	ssDNA-activated RNase; no adaptor named
TLR3	rna_sensor	TLR	NASP_RNA_SENSING	O15455	103.8	Endoplasmic reticulum membrane; Single-pass type I membrane protein; Endosome membrane; Early endosome	1	Monomer and homodimer; dimerization is triggered by ligand-binding, the signaling unit is composed of one ds-RNA of around 40 bp and two TLR3 molecules, and lateral clustering of signaling units along	no intrinsic ATP use annotated	integral membrane	needs_curation	needs_curation	needs_curation	needs_curation	needs_curation	needs_curation	needs_curation	needs_curation	needs_curation	ligand sensed in endolysosomal lumen/cell surface; trafficking (UNC93B1) and proteolytic processing required	homodimer	TRIF -> TBK1/IRF3	needs_curation	needs_curation	none_curated	5	needs_curation	needs_curation	needs_curation	needs_curation	needs_curation	TRIF_axis		direct_interaction	uniprot_function_curated	Acts via the adapter TRIF/TICAM1, leading to NF-kappa-B activation, IRF3 nuclear translocation, cytokine secretion and the inflammatory response.	TICAM1(1.00); MYD88(0.99); RIPK3(0.81)	10.1038/35099560	Recognition of double-stranded RNA and activation of NF-κB by Toll-like receptor 3	11607032	TRIF_axis	not_addressed_predates_adaptor	Alexopoulou 2001 predates TRIF (2003); abstract asserts MyD88-dependent cytokine production
TLR7	rna_sensor	TLR	NASP_RNA_SENSING	Q9NYK1	120.9	Endoplasmic reticulum membrane; Single-pass type I membrane protein; Endosome; Lysosome; Cytoplasmic vesicle, phagosome	1	Homodimer (PubMed:27742543). Interacts with MYD88 via their respective TIR domains (Probable). Interacts with UNC93B1 (PubMed:33432245). Interacts with SMPDL3B (By similarity). {ECO:0000250|UniProtKB:	no intrinsic ATP use annotated	integral membrane	needs_curation	needs_curation	needs_curation	needs_curation	needs_curation	needs_curation	needs_curation	needs_curation	needs_curation	ligand sensed in endolysosomal lumen/cell surface; trafficking (UNC93B1) and proteolytic processing required	homodimer	MyD88 -> NF-kB/IRF7	needs_curation	needs_curation	TLR9(competition_trafficking)	3	needs_curation	needs_curation	needs_curation	needs_curation	needs_curation	MYD88_axis		direct_interaction	uniprot_function_curated	Upon binding to agonists, undergoes dimerization that brings TIR domains from the two molecules into direct contact, leading to the recruitment of TIR-containing downstream adapter MYD88 through homotypic interaction (PubMed:27742543).	MYD88(1.00)	10.1126/science.1093620	Species-Specific Recognition of Single-Stranded RNA via Toll-like Receptor 7 and 8	14976262	MYD88_axis	not_addressed	Heil 2004 names no adaptor
TLR8	rna_sensor	TLR	NASP_RNA_SENSING	Q9NR97	119.8	Endosome membrane; Single-pass type I membrane protein	1	Homodimer (PubMed:23520111, PubMed:25599397, PubMed:26929371, PubMed:29155428). Interacts with MYD88 via their respective TIR domains (Probable). Interacts with UNC93B1 (By similarity). Interacts with	no intrinsic ATP use annotated	integral membrane	needs_curation	needs_curation	needs_curation	needs_curation	needs_curation	needs_curation	needs_curation	needs_curation	needs_curation	ligand sensed in endolysosomal lumen/cell surface; trafficking (UNC93B1) and proteolytic processing required	homodimer	MyD88 -> NF-kB/IRF7	needs_curation	needs_curation	none_curated	3	needs_curation	needs_curation	needs_curation	needs_curation	needs_curation	MYD88_axis		direct_interaction	uniprot_function_curated	Upon binding to agonists, undergoes dimerization that brings TIR domains from the two molecules into direct contact, leading to the recruitment of TIR-containing downstream adapter MYD88 through homotypic interaction (PubMed:23520111, PubMed:25599397, PubMed:2	MYD88(1.00)	10.1126/science.1093620	Species-Specific Recognition of Single-Stranded RNA via Toll-like Receptor 7 and 8	14976262	MYD88_axis	not_addressed	Heil 2004 names no adaptor
TLR9	dna_sensor	TLR	NASP_DNA_SENSING	Q9NR96	115.9	Endoplasmic reticulum membrane; Single-pass type I membrane protein; Early endosome membrane; Lysosome; Cytoplasmic vesicle, phagosome; Golgi apparatus membrane	1	Monomer and homodimer. Exists as a monomer in the absence of unmethylated cytidine-phosphate-guanosine (CpG) ligand. Proteolytic processing of an insertion loop (Z-loop) is required for homodimerizati	no intrinsic ATP use annotated	integral membrane	needs_curation	needs_curation	needs_curation	needs_curation	needs_curation	needs_curation	needs_curation	needs_curation	needs_curation	ligand sensed in endolysosomal lumen/cell surface; trafficking (UNC93B1) and proteolytic processing required	homodimer	MyD88 -> NF-kB/IRF7	needs_curation	needs_curation	TLR7(competition_trafficking)	4	needs_curation	needs_curation	needs_curation	needs_curation	needs_curation	MYD88_axis		direct_interaction	uniprot_function_curated	Acts via MYD88 and TRAF6, leading to NF-kappa-B activation, cytokine secretion and the inflammatory response (PubMed:11564765, PubMed:17932028, PubMed:40980882).	MYD88(1.00)	10.1038/35047123	A Toll-like receptor recognizes bacterial DNA	11130078	MYD88_axis	not_addressed	Hemmi 2000 names no adaptor in abstract
XRCC5	dna_sensor	cGAS-STING	NASP_DNA_SENSING	P13010	82.7	Nucleus; Nucleus, nucleolus; Chromosome	0	Heterodimer composed of XRCC5/Ku80 and XRCC6/Ku70; heterodimerization stabilizes XRCC5 protein (PubMed:11493912, PubMed:22442688, PubMed:25670504, PubMed:25941166, PubMed:35545041). Component of the c	ATPase/helicase domain	soluble/peripheral (UniProt)	needs_curation	needs_curation	needs_curation	needs_curation	needs_curation	needs_curation	needs_curation	needs_curation	needs_curation	Ku helicase/ATP annotation is historical and weak; not needed for DNA-end binding	none_stated	DNA-PK complex / IRF3	needs_curation	needs_curation	PRKDC(complex_member); XRCC6(complex_member)	4	needs_curation	needs_curation	needs_curation	needs_curation	needs_curation	STING_axis		complex_member_HDP_RNP	uniprot_function_curated	It plays a role in the regulation of DNA virus-mediated innate immune response by assembling into the HDP-RNP complex, a complex that serves as a platform for IRF3 phosphorylation and subsequent innate immune response activation t		10.7554/eLife.00047	DNA-PK is a DNA sensor for IRF-3-dependent innate immunity	23251783	STING_axis	supported_by_marker_doi	same DNA-PK paper; STING-dependent
XRCC6	dna_sensor	cGAS-STING	NASP_DNA_SENSING	P12956	69.8	Nucleus; Chromosome; Cytoplasm	0	Forms a heterodimer with XRCC5/Ku80 to form the Ku70:Ku80 complex (Ku); heterodimerization stabilizes XRCC5 protein (PubMed:11493912, PubMed:35545041). Component of the core long-range non-homologous 	ATPase/helicase domain	soluble/peripheral (UniProt)	needs_curation	needs_curation	needs_curation	needs_curation	needs_curation	needs_curation	needs_curation	needs_curation	needs_curation	Ku helicase/ATP annotation is historical and weak; not needed for DNA-end binding	none_stated	type III IFN induction	needs_curation	needs_curation	PRKDC(complex_member); XRCC5(complex_member)	4	needs_curation	needs_curation	needs_curation	needs_curation	needs_curation	STING_axis		complex_member_HDP_RNP	uniprot_function_curated	It plays a role in the regulation of DNA virus-mediated innate immune response by assembling into the HDP-RNP complex, a complex that serves as a platform for IRF3 phosphorylation and subsequent innate immune response activation t		10.1111/imm.13318	Cytoplasmic‐translocated Ku70 senses intracellular DNA and mediates interferon‐lambda1 induction	33548066	STING_axis	supported_by_marker_doi	"""through a STING-dependent signalling pathway""; output is IFN-lambda1"
ZBP1	dna_sensor; rna_sensor	ZBP1	NASP_DNA_SENSING; NASP_RNA_SENSING	Q9H171	46.3	Cytoplasm; Nucleus	0	Homodimer (By similarity). Interacts (via RIP homotypic interaction motif) with RIPK3; leading to RIPK3 activation and necroptosis; interaction is enhanced by CASP6 (By similarity). Interacts (via RIP	no intrinsic ATP use annotated	soluble/peripheral (UniProt)	needs_curation	needs_curation	needs_curation	needs_curation	needs_curation	needs_curation	needs_curation	needs_curation	needs_curation		homodimer	RIPK3 -> necroptosis / NF-kB	Z-form nucleic acid binding; RIPK3 amyloid-like	10.1038/s41586-020-2129-8	none_curated	0	needs_curation	needs_curation	needs_curation	needs_curation	needs_curation	RIPK3_necroptosis		direct_interaction	uniprot_function_curated	ZBP1 acts as an essential mediator of pyroptosis, necroptosis and apoptosis (PANoptosis), an integral part of host defense against pathogens, by activating RIPK3, caspase-8 (CASP8), and the NLRP3 inflammasome (By similarity).	RIPK3(0.99)	10.1038/nature06013	DAI (DLM-1/ZBP1) is a cytosolic DNA sensor and an activator of innate immune response	17618271	RIPK3_necroptosis	not_addressed_predates_adaptor	Takaoka 2007 supports IRF3/TBK1 association; RIPK3 link is later work
ZC3HAV1	rna_sensor		NASP_RNA_SENSING	Q7Z2W4	101.4	Nucleus; Lysosome; Late endosome; Cytoplasm; Membrane	0	Homodimer or homooligomer. Homooligomerization is essential for its antiviral activity. Interacts with EXOSC5 (By similarity). Interacts (via N-terminal domain) with DDX17 in an RNA-independent manner	no intrinsic ATP use annotated	soluble/peripheral (UniProt)	needs_curation	needs_curation	needs_curation	needs_curation	needs_curation	needs_curation	needs_curation	needs_curation	needs_curation		homodimer; homooligomer; oligomer	target RNA decay (exosome/XRN1)	needs_curation	needs_curation	none_curated	2	needs_curation	needs_curation	needs_curation	needs_curation	needs_curation	STING_axis		direct_interaction	uniprot_function_curated; marker_doi_abstract	Associates with RIGI to promote its oligomerization and ATPase activity stimulation, leading to robust activation of IRF3 and NF-kappa-B transcription factors and eventually to the expression of type I IFNs and IFN stimulated gene		10.1038/s42003-024-07116-2	ZC3HAV1 facilitates STING activation and enhances inflammation	39478149	MAVS_axis	refines_class	abstract: controls STING signaling; also a RIG-I stimulator
ZCCHC3	dna_sensor	cGAS-STING	NASP_DNA_SENSING	Q9NUD5	43.5	Cytoplasm	0	Interacts with CGAS (PubMed:30135424). Interacts with RIGI (PubMed:30193849). Interacts with IFIH1/MDA5 (PubMed:30193849). {ECO:0000269|PubMed:30135424, ECO:0000269|PubMed:30193849}.	no intrinsic ATP use annotated	soluble/peripheral (UniProt)	needs_curation	needs_curation	needs_curation	needs_curation	needs_curation	needs_curation	needs_curation	needs_curation	needs_curation		none_stated	cGAS/RLR ligand-binding enhancement	needs_curation	needs_curation	CGAS(co_sensor)	3	needs_curation	needs_curation	needs_curation	needs_curation	needs_curation	STING_axis	MAVS_axis	via_cosensor_CGAS_and_RLR	uniprot_function_curated	Binds DNA and RNA in the cytoplasm and acts by promoting recognition of viral nucleic acids by virus sensors, such as RIGI, IFIH1/MDA5 and CGAS (PubMed:30135424, PubMed:30193849).		10.1038/s41467-018-05559-w	ZCCHC3 is a co-sensor of cGAS for dsDNA recognition in innate immune response	30135424	STING_axis	supported_by_marker_doi	co-sensor of cGAS in title
