accession	mass_da	length
O00411	138620	1230
O00584	29481	256
O14543	24770	225
O14802	155641	1390
O14862	38954	343
O15455	103829	904
O15524	23551	211
O60231	119264	1041
O60341	92903	852
O60828	30472	265
O95786	106600	925
P00973	46029	400
P03886	35661	318
P03923	18622	174
P03928	7992	68
P08865	32854	295
P10153	18354	161
P11387	90726	765
P12956	69843	609
P13010	82705	732
P19525	62094	551
P20700	66408	586
P21580	89614	790
P21796	30773	283
P22626	37430	353
P25963	35609	317
P26196	54417	483
P26651	34003	326
P28562	39298	367
P29728	82431	719
P30405	22040	207
P31941	23012	199
P36873	36984	323
P41218	45836	407
P45880	31567	294
P49588	106810	968
P49959	80593	708
P50897	34193	306
P55265	136066	1226
P62136	37512	330
P62258	29174	255
P78527	469089	4128
Q00059	29097	246
Q04917	28219	246
Q07812	21184	192
Q08211	140958	1270
Q14142	49773	442
Q14258	70973	630
Q15365	37498	356
Q16611	23409	211
Q16666	88256	785
Q32MZ4	89253	808
Q5EBM0	49448	449
Q5H9U9	197614	1706
Q5JTZ9	107340	985
Q5U5Q3	69366	659
Q6K0P9	55065	492
Q6NYC1	46462	403
Q7Z2W4	101431	902
Q7Z434	56528	540
Q7Z7L1	102836	901
Q86WV6	42193	379
Q8IUD6	47888	432
Q8IWB1	62060	547
Q8IXQ6	96343	854
Q8IY21	197853	1712
Q8N697	62034	577
Q8N884	58814	522
Q8NBJ9	94454	832
Q8ND56	50530	463
Q8TCS8	85951	783
Q92499	82432	740
Q92878	153892	1312
Q92993	58582	513
Q96C10	76613	678
Q96TA2	86455	773
Q99698	429139	3801
Q9BSK2	35375	321
Q9BYX4	116689	1025
Q9BZL4	84881	782
Q9C000	165866	1473
Q9C037	57461	500
Q9C0D3	83921	744
Q9H171	46343	429
Q9H2U1	114760	1008
Q9H6R0	78874	707
Q9HAI6	33894	301
Q9HC29	115283	1040
Q9NR30	87344	783
Q9NR96	115860	1032
Q9NR97	119828	1041
Q9NUD5	43547	403
Q9NW08	127785	1133
Q9NXL6	93839	827
Q9NYK1	120922	1049
Q9UJV9	69838	622
Q9UMW8	43011	372
Q9Y277	30659	283
Q9Y3B8	26833	237
Q9Y6K5	121170	1087
O00115	39581	360
O00560	32444	298
O14730	59093	519
O14744	72684	637
O14746	126997	1132
O14965	45823	403
O15417	314519	2968
O43524	71277	673
O60238	23930	219
O60260	51641	465
O60566	119545	1050
O75531	10059	89
O75569	34404	313
O75792	33395	299
O75844	54813	475
O95251	70642	611
O95352	77960	703
P02452	138911	1464
P02461	138564	1466
P02545	74139	664
P06493	34095	297
P07910	33670	306
P08034	32025	283
P08069	154793	1367
P10912	71500	638
P13473	44961	410
P15692	43597	395
P17302	43008	382
P18847	20576	181
P22413	104924	925
P26358	183165	1616
P33527	171591	1531
P35789	70971	620
P36383	45470	396
P38936	18119	164
P41440	64868	591
P42345	288892	2549
P46937	54462	504
P46940	189252	1657
P51532	184646	1647
P51608	52441	486
P55317	49148	472
Q05481	137217	1191
Q07021	31362	282
Q08J23	86471	767
Q10589	19769	180
Q12983	21541	194
Q13263	88550	835
Q13501	47687	440
Q13526	18243	163
Q13547	55103	482
Q13609	35504	305
Q14134	65835	588
Q14191	162461	1432
Q14457	51896	450
Q14956	63923	572
Q15047	143157	1291
Q15366	38580	365
Q15477	137755	1246
Q16612	7909	68
Q5T0T0	32965	291
Q5T2D3	45124	398
Q5TBB1	35139	312
Q6P9F5	29336	258
Q6VMQ6	136394	1270
Q6ZNE5	55309	492
Q7L014	117362	1031
Q7RTR2	114658	1065
Q7Z3C6	94447	839
Q86UK7	98637	904
Q8IV08	54705	490
Q8IWA4	84160	741
Q8IWT6	94199	810
Q8IYB8	87991	786
Q8N6T7	39119	355
Q8NEY8	52737	458
Q8TDP1	17840	164
Q96BZ4	55626	506
Q96EB6	81681	747
Q96LC7	76592	697
Q99549	97182	860
Q99572	68585	595
Q99873	42462	371
Q9BXM7	62769	581
Q9BY10	51067	475
Q9GZQ8	14688	125
Q9GZV5	44101	400
Q9H1Y0	32447	275
Q9HAV5	32759	297
Q9HCE1	113671	1003
Q9NRC8	44898	400
Q9NSU2	33212	314
Q9NTG7	43573	399
Q9UEF7	116181	1012
Q9UH17	45924	382
Q9UK61	189032	1670
Q9Y285	57564	508
Q9Y3Z3	72201	626
Q9Y6K1	101858	912
Q9Y6X9	117823	1032
O00626	10625	93
O14625	10365	94
O14879	55985	490
O60240	55990	522
O60443	54555	496
O60603	89838	784
P01023	163291	1474
P01127	27283	241
P01135	17006	160
P01574	22294	187
P01579	19348	166
P01584	30748	269
P02741	25039	224
P02778	10881	98
P04085	24043	211
P05112	17492	153
P05113	15238	134
P05121	45060	402
P05161	17888	165
P05231	23718	212
P06858	53162	475
P09341	11301	107
P09603	60179	554
P09912	12927	130
P09913	54632	472
P09914	55360	478
P0DJI8	13546	122
P0DJI9	13527	122
P0DY56	21725	189
P10147	10085	92
P10451	35423	314
P10747	25066	220
P13164	13964	125
P14902	45326	403
P15018	22008	202
P16671	53053	472
P16871	51579	459
P17931	26152	250
P18428	53384	481
P20591	75520	662
P20592	82089	715
P21926	25416	228
P22897	166012	1456
P26842	29137	260
P28062	30354	276
P28065	23264	219
P28907	34328	300
P29466	45159	404
P29965	29274	261
P32455	67931	592
P34810	37408	354
P40305	11542	122
P41159	18641	167
P43490	55521	491
P49662	43262	377
P49863	28882	264
P50591	32509	281
P51671	10732	97
P51878	49736	434
P57764	52801	484
P60568	17628	153
P80217	31546	286
Q01628	14632	133
Q01629	14632	132
Q01826	85957	763
Q03405	36978	335
Q03518	80965	748
Q05823	83533	741
Q07325	14019	125
Q13093	50077	441
Q13231	51681	466
Q14790	55391	479
Q15116	31647	288
Q15646	59226	514
Q15848	26414	244
Q16553	13507	131
Q495A1	26319	244
Q53G44	51322	452
Q5K651	184281	1589
Q6GPH4	34626	301
Q86VB7	125451	1156
Q86WI3	204595	1866
Q8IVG5	184533	1584
Q8IVU3	115126	1022
Q8NEV9	27493	243
Q8TCB0	50491	444
Q8WXG1	42170	361
Q96AZ6	20363	181
Q96DX8	27863	246
Q96E93	21831	195
Q96J88	36793	318
Q96PP8	66617	586
Q9BZZ2	182624	1709
Q9NP99	26387	234
Q9NZC2	25447	230
Q9P2W7	38256	334
Q9UEW3	52658	520
Q9UII4	116852	1024
Q9Y279	43987	399
Q9Y2G2	60652	537
O00175	13134	119
O14944	19044	169
O15467	13600	120
O60234	16801	142
O60885	152219	1362
O75807	73478	674
O94907	28672	266
O95760	30759	270
O95998	21099	194
P00533	134277	1210
P01036	16214	141
P01133	133994	1207
P01375	25644	233
P01583	30607	271
P03950	16550	147
P04141	16295	144
P05019	21841	195
P05198	36112	315
P05230	17460	155
P05305	24425	212
P05362	57825	532
P07858	37822	339
P08174	41400	381
P08243	64370	561
P08833	27904	259
P09038	30770	288
P09919	22293	207
P0DPQ6	4284	34
P10145	11098	99
P12643	44702	396
P13236	10212	92
P13500	11025	99
P13501	9990	91
P14210	83134	728
P15036	53001	469
P15514	27895	252
P16619	10161	93
P17676	36106	345
P17936	31674	291
P18065	34814	325
P18848	38590	351
P19320	81276	739
P19875	11389	107
P19876	11342	107
P20809	21429	199
P21781	22509	194
P22004	57226	513
P22301	20517	178
P22362	10992	96
P22692	27934	258
P23443	59140	525
P24592	25322	240
P24593	30570	272
P25025	40759	360
P30530	98337	894
P32927	97336	897
P32942	59541	547
P35222	85497	781
P35225	15788	146
P35354	68996	604
P35638	19175	169
P36896	56807	505
P43694	44565	442
P48061	10666	93
P54646	62320	552
P55040	33949	296
P59044	98768	892
P78556	10762	96
P80075	11246	99
P80098	11200	99
P80188	22588	198
Q00994	12959	111
Q13075	159582	1403
Q13131	64009	559
Q13283	52164	466
Q13489	68372	604
Q13794	6030	54
Q14116	22326	193
Q14626	45222	422
Q15011	43720	391
Q15389	57513	498
Q15831	48636	433
Q16270	29130	282
Q6R327	192218	1708
Q8N122	149038	1335
Q96P20	118173	1036
Q96RU7	39578	358
Q99616	10986	98
Q99988	34140	308
Q9BY76	45214	406
Q9BYH8	78061	718
Q9H2A7	27579	254
Q9NPP4	116159	1024
Q9NQ30	20095	184
Q9NX09	25371	232
Q9ULZ3	21627	195
Q9UN86	54121	482
Q9UPT5	83382	735
Q9Y258	10648	94
Q9Y2D1	30674	282
O00300	46026	401
O14684	17102	152
O14757	54434	476
O14798	27407	259
O14920	86564	756
O15111	84640	745
O15240	67258	615
O75582	89865	802
P00749	48523	431
P00750	62917	562
P01137	44325	390
P03956	54007	469
P04637	43653	393
P05111	39670	366
P05412	35676	331
P06400	106159	928
P07093	44002	398
P08253	73882	660
P08254	53977	477
P08476	47442	426
P08887	51548	468
P09238	54151	476
P09429	24894	215
P09544	40418	360
P10415	26266	239
P13232	20187	177
P13796	70288	627
P14174	12476	115
P14780	78458	707
P16035	24399	220
P16104	15145	143
P16278	76075	677
P16284	82522	738
P17096	11676	107
P17301	129296	1181
P19438	50495	455
P19484	52865	476
P19838	105356	968
P20333	48291	461
P21583	30899	273
P21675	214714	1893
P23677	51009	461
P24001	26676	234
P24385	33729	295
P25445	37732	335
P26583	24034	209
P26599	59633	557
P27487	88279	766
P31749	55686	480
P39900	54002	470
P40189	103537	918
P40933	18086	162
P42336	124284	1068
P42771	16533	156
P42772	14722	138
P43116	39761	358
P45452	53820	471
P46013	358694	3256
P46531	272505	2555
P48594	44854	390
P49137	45568	400
P49763	24789	221
P49767	46883	419
P50281	65894	582
P52272	77516	730
P52926	11832	109
P61769	13715	119
P98177	53684	505
Q00987	55233	491
Q01094	46920	437
Q02297	70392	640
Q03252	69948	620
Q04721	265405	2471
Q06187	76281	659
Q07352	36314	338
Q07817	26049	233
Q07820	37337	350
Q12888	213574	1972
Q13219	180973	1627
Q13275	88381	785
Q13315	350687	3056
Q13576	180578	1575
Q14164	80462	716
Q14242	43201	412
Q15717	36092	326
Q16539	41293	360
Q16552	17504	155
Q29980	42575	383
Q29983	42915	383
Q8N726	13903	132
Q92843	20746	193
Q969E2	25728	229
Q99733	42823	375
Q9BSJ2	102534	902
Q9BT56	13302	116
Q9BZM4	27949	244
Q9BZM5	27368	246
Q9BZM6	27997	244
Q9UBV4	40690	365
Q9UM47	243631	2321
A7MCY6	67702	615
O00206	95680	839
O00463	64406	557
O43187	69433	625
O43318	67196	606
O43353	61195	540
O60674	130674	1132
O75382	80830	744
O75385	112631	1050
O95166	13918	117
P08571	40076	375
P10914	36502	325
P17181	63525	557
P17861	28695	261
P19474	54170	475
P23458	133277	1154
P32970	21118	193
P36402	41552	384
P40763	88068	770
P42224	87335	750
P48551	57759	515
P49238	40396	355
P51617	76537	712
P52630	97916	851
P58753	23883	221
Q00653	96749	900
Q00978	43696	393
Q01201	62134	579
Q04206	60219	551
Q04864	68520	619
Q13114	64490	568
Q13137	52254	446
Q13325	55847	482
Q13478	62304	541
Q13546	75931	671
Q13568	56044	498
Q14653	47219	427
Q15025	71864	636
Q460N5	202800	1801
Q5D1E8	65699	599
Q676U5	68265	607
Q6NSJ5	90247	796
Q86U44	64474	580
Q86VP1	90877	789
Q86XR7	26916	235
Q8IUC6	76422	712
Q8NEB9	101549	887
Q8TDW0	92450	803
Q8TDY2	183091	1594
Q8WV44	71670	630
Q92844	47816	425
Q92956	30392	283
Q92985	54278	503
Q96BN8	40263	352
Q99836	33233	296
Q9BQF6	119658	1050
Q9BRZ2	81488	755
Q9BXL7	133284	1154
Q9BYJ9	60874	559
Q9H1C4	66631	597
Q9H6S1	44935	392
Q9HC62	67855	589
Q9NQC7	107316	956
Q9NWZ3	51530	460
Q9UHD2	83642	729
Q9UHP3	122218	1055
Q9Y275	31223	285
Q9Y4K3	59573	522
Q9Y4P8	49408	454
Q9Y6K9	48198	419
Q9Y6Q6	66034	616
