accession	string_id	matched_by
P01023	9606.ENSP00000323929	accession
P49588	9606.ENSP00000261772	accession
Q5JTZ9	9606.ENSP00000244571	accession
P33527	9606.ENSP00000382342	accession
P36896	9606.ENSP00000442656	accession
P55265	9606.ENSP00000357459	accession
Q15848	9606.ENSP00000389814	accession
O14862	9606.ENSP00000357112	accession
P31749	9606.ENSP00000451828	accession
P03950	9606.ENSP00000336762	accession
Q15389	9606.ENSP00000428340	accession
Q9BY76	9606.ENSP00000301455	accession
P31941	9606.ENSP00000384359	accession
Q9UH17	9606.ENSP00000327459	accession
P15514	9606.ENSP00000379097	accession
P08243	9606.ENSP00000377845	accession
P18847	9606.ENSP00000344352	accession
P18848	9606.ENSP00000336790	accession
Q9Y2D1	9606.ENSP00000396954	accession
Q6VMQ6	9606.ENSP00000440440	accession
Q6ZNE5	9606.ENSP00000247178	accession
Q676U5	9606.ENSP00000375873	accession
Q9H1Y0	9606.ENSP00000358072	accession
O95352	9606.ENSP00000346437	accession
Q7Z3C6	9606.ENSP00000386710	accession
Q13315	9606.ENSP00000278616	accession
O14965	9606.ENSP00000216911	accession
P30530	9606.ENSP00000301178	accession
Q9H6S1	9606.ENSP00000419371	accession
P61769	9606.ENSP00000497910	accession
Q9P2W7	9606.ENSP00000433847	accession
Q16611	9606.ENSP00000363591	accession
O75531	9606.ENSP00000433760	accession
Q07812	9606.ENSP00000293288	accession
P10415	9606.ENSP00000381185	accession
Q07817	9606.ENSP00000365230	accession
Q92843	9606.ENSP00000250405	accession
Q14457	9606.ENSP00000355231	accession
Q00994	9606.ENSP00000361728	accession
Q13489	9606.ENSP00000263464	accession
P12643	9606.ENSP00000368104	accession
P22004	9606.ENSP00000283147	accession
Q12983	9606.ENSP00000357625	accession
O60238	9606.ENSP00000370003	accession
O60885	9606.ENSP00000263377	accession
Q10589	9606.ENSP00000252593	accession
Q06187	9606.ENSP00000483570	accession
O60566	9606.ENSP00000287598	accession
Q07021	9606.ENSP00000225698	accession
Q13137	9606.ENSP00000398523	accession
Q9BXL7	9606.ENSP00000380150	accession
Q9Y2G2	9606.ENSP00000499211	accession
P29466	9606.ENSP00000433138	accession
P49662	9606.ENSP00000388566	accession
P51878	9606.ENSP00000376849	accession
Q14790	9606.ENSP00000351273	accession
P22362	9606.ENSP00000225842	accession
P51671	9606.ENSP00000302234	accession
Q99616	9606.ENSP00000225844	accession
O15467	9606.ENSP00000478024	accession
P13500	9606.ENSP00000225831	accession
P78556	9606.ENSP00000351671	accession
O00626	9606.ENSP00000219235	accession
O00175	9606.ENSP00000400533	accession
Q9Y258	9606.ENSP00000378365	accession
P10147	9606.ENSP00000477908	accession
P16619	9606.ENSP00000480558	accession
P13236	9606.ENSP00000482259	accession
P13501	9606.ENSP00000474412	accession
P80098	9606.ENSP00000367832	accession
P80075	9606.ENSP00000378118	accession
P24385	9606.ENSP00000227507	accession
P08571	9606.ENSP00000385519	accession
Q86VB7	9606.ENSP00000352071	accession
P26842	9606.ENSP00000266557	accession
P10747	9606.ENSP00000324890	accession
P16671	9606.ENSP00000415743	accession
P28907	9606.ENSP00000226279	accession
P29965	9606.ENSP00000359663	accession
P08174	9606.ENSP00000356030	accession
P34810	9606.ENSP00000250092	accession
P32970	9606.ENSP00000395294	accession
P21926	9606.ENSP00000371958	accession
P06493	9606.ENSP00000378699	accession
P38936	9606.ENSP00000384849	accession
P42771	9606.ENSP00000418915	accession
P42772	9606.ENSP00000276925	accession
P17676	9606.ENSP00000305422	accession
Q8N884	9606.ENSP00000359339	accession
O14757	9606.ENSP00000391090	accession
Q13231	9606.ENSP00000356198	accession
O15111	9606.ENSP00000359424	accession
Q5EBM0	9606.ENSP00000256722	accession
P02452	9606.ENSP00000225964	accession
P02461	9606.ENSP00000304408	accession
P02741	9606.ENSP00000255030	accession
P09603	9606.ENSP00000327513	accession
P04141	9606.ENSP00000296871	accession
P32927	9606.ENSP00000384053	accession
P09919	9606.ENSP00000225474	accession
P01036	9606.ENSP00000217423	accession
P35222	9606.ENSP00000495360	accession
P07858	9606.ENSP00000345672	accession
P49238	9606.ENSP00000351059	accession
P09341	9606.ENSP00000379110	accession
P02778	9606.ENSP00000305651	accession
O14625	9606.ENSP00000306884	accession
P48061	9606.ENSP00000379140	accession
Q9H2A7	9606.ENSP00000293778	accession
P19875	9606.ENSP00000427279	accession
P19876	9606.ENSP00000296026	accession
P10145	9606.ENSP00000306512	accession
Q07325	9606.ENSP00000354901	accession
P25025	9606.ENSP00000319635	accession
Q9NQC7	9606.ENSP00000392025	accession
P35638	9606.ENSP00000448665	accession
Q9NX09	9606.ENSP00000307305	accession
Q92499	9606.ENSP00000370745	accession
Q9NR30	9606.ENSP00000346120	accession
Q9UJV9	9606.ENSP00000330349	accession
Q7L014	9606.ENSP00000416534	accession
O95786	9606.ENSP00000369213	accession
P26196	9606.ENSP00000478754	accession
Q8IY21	9606.ENSP00000377344	accession
Q5H9U9	9606.ENSP00000260184	accession
O60231	9606.ENSP00000365625	accession
Q9H6R0	9606.ENSP00000225296	accession
Q9H2U1	9606.ENSP00000417078	accession
Q96C10	9606.ENSP00000251642	accession
Q08211	9606.ENSP00000356520	accession
O94907	9606.ENSP00000363081	accession
Q13609	9606.ENSP00000378053	accession
O00115	9606.ENSP00000222219	accession
P26358	9606.ENSP00000352516	accession
Q9Y6K1	9606.ENSP00000264709	accession
P27487	9606.ENSP00000353731	accession
P28562	9606.ENSP00000239223	accession
Q01094	9606.ENSP00000345571	accession
Q9HAV5	9606.ENSP00000379365	accession
P05305	9606.ENSP00000368683	accession
P01133	9606.ENSP00000265171	accession
P00533	9606.ENSP00000275493	accession
P19525	9606.ENSP00000233057	accession
P05198	9606.ENSP00000256383	accession
Q15717	9606.ENSP00000385269	accession
P22413	9606.ENSP00000498074	accession
Q96J88	9606.ENSP00000318982	accession
O14944	9606.ENSP00000244869	accession
Q9NQ30	9606.ENSP00000370812	accession
P15036	9606.ENSP00000353344	accession
Q9UPT5	9606.ENSP00000334100	accession
Q9Y285	9606.ENSP00000320309	accession
P25445	9606.ENSP00000498466	accession
P05230	9606.ENSP00000480791	accession
P09038	9606.ENSP00000264498	accession
P21781	9606.ENSP00000267843	accession
P55317	9606.ENSP00000250448	accession
O43524	9606.ENSP00000339527	accession
P98177	9606.ENSP00000363377	accession
Q13283	9606.ENSP00000377681	accession
Q9UN86	9606.ENSP00000352738	accession
O95166	9606.ENSP00000306866	accession
P43694	9606.ENSP00000435712	accession
P32455	9606.ENSP00000359504	accession
Q96PP8	9606.ENSP00000359488	accession
Q99988	9606.ENSP00000252809	accession
P55040	9606.ENSP00000297596	accession
P10912	9606.ENSP00000483403	accession
P17302	9606.ENSP00000282561	accession
P08034	9606.ENSP00000354900	accession
P36383	9606.ENSP00000467201	accession
P16278	9606.ENSP00000306920	accession
O60234	9606.ENSP00000472249	accession
Q14956	9606.ENSP00000371420	accession
P57764	9606.ENSP00000433209	accession
O60443	9606.ENSP00000339587	accession
P49863	9606.ENSP00000231009	accession
P16104	9606.ENSP00000434024	accession
Q13547	9606.ENSP00000362649	accession
Q9UII4	9606.ENSP00000264350	accession
Q8IVU3	9606.ENSP00000264346	accession
Q15011	9606.ENSP00000409555	accession
P14210	9606.ENSP00000222390	accession
P17096	9606.ENSP00000399888	accession
P52926	9606.ENSP00000437621	accession
P09429	9606.ENSP00000345347	accession
P26583	9606.ENSP00000296503	accession
P22626	9606.ENSP00000346694	accession
P07910	9606.ENSP00000451291	accession
P52272	9606.ENSP00000325376	accession
P05362	9606.ENSP00000264832	accession
P32942	9606.ENSP00000160262	accession
P14902	9606.ENSP00000430950	accession
Q16666	9606.ENSP00000357113	accession
P40305	9606.ENSP00000483430	accession
P80217	9606.ENSP00000395590	accession
Q8TCB0	9606.ENSP00000359783	accession
Q53G44	9606.ENSP00000359787	accession
P09912	9606.ENSP00000342513	accession
Q9BYX4	9606.ENSP00000497271	accession
P09914	9606.ENSP00000360869	accession
P09913	9606.ENSP00000490935	accession
O14879	9606.ENSP00000360876	accession
Q13325	9606.ENSP00000360860	accession
P13164	9606.ENSP00000330825	accession
Q01629	9606.ENSP00000484689	accession
Q01628	9606.ENSP00000382707	accession
P17181	9606.ENSP00000270139	accession
P48551	9606.ENSP00000343957	accession
P01574	9606.ENSP00000369581	accession
P01579	9606.ENSP00000229135	accession
P05019	9606.ENSP00000376637	accession
P08069	9606.ENSP00000497069	accession
P08833	9606.ENSP00000275525	accession
P18065	9606.ENSP00000233809	accession
P17936	9606.ENSP00000370473	accession
P22692	9606.ENSP00000269593	accession
P24593	9606.ENSP00000233813	accession
P24592	9606.ENSP00000301464	accession
Q16270	9606.ENSP00000295666	accession
O14920	9606.ENSP00000430684	accession
Q14164	9606.ENSP00000464030	accession
Q9Y6K9	9606.ENSP00000483825	accession
P22301	9606.ENSP00000412237	accession
P20809	9606.ENSP00000264563	accession
Q14626	9606.ENSP00000450565	accession
P35225	9606.ENSP00000304915	accession
P40933	9606.ENSP00000296545	accession
Q16552	9606.ENSP00000497968	accession
Q14116	9606.ENSP00000280357	accession
O95998	9606.ENSP00000434717	accession
Q13478	9606.ENSP00000387211	accession
P01583	9606.ENSP00000263339	accession
P01584	9606.ENSP00000263341	accession
P60568	9606.ENSP00000226730	accession
Q8NEV9	9606.ENSP00000349365	accession
P24001	9606.ENSP00000431775	accession
O95760	9606.ENSP00000370842	accession
P05112	9606.ENSP00000231449	accession
P05113	9606.ENSP00000231454	accession
P05231	9606.ENSP00000385675	accession
P08887	9606.ENSP00000357470	accession
P40189	9606.ENSP00000370698	accession
P13232	9606.ENSP00000263851	accession
P16871	9606.ENSP00000306157	accession
P05111	9606.ENSP00000243786	accession
P08476	9606.ENSP00000242208	accession
P46940	9606.ENSP00000268182	accession
Q13576	9606.ENSP00000274364	accession
P51617	9606.ENSP00000358997	accession
O43187	9606.ENSP00000256458	accession
Q9NWZ3	9606.ENSP00000479889	accession
P10914	9606.ENSP00000245414	accession
Q14653	9606.ENSP00000471896	accession
Q13568	9606.ENSP00000418037	accession
Q92985	9606.ENSP00000380697	accession
Q00978	9606.ENSP00000380073	accession
P05161	9606.ENSP00000496832	accession
Q96AZ6	9606.ENSP00000306565	accession
P17301	9606.ENSP00000296585	accession
P23677	9606.ENSP00000260386	accession
Q8IWB1	9606.ENSP00000278071	accession
P23458	9606.ENSP00000499900	accession
O60674	9606.ENSP00000371067	accession
Q6NYC1	9606.ENSP00000394085	accession
P05412	9606.ENSP00000360266	accession
Q92993	9606.ENSP00000340330	accession
O95251	9606.ENSP00000259021	accession
O60341	9606.ENSP00000383042	accession
P21583	9606.ENSP00000495951	accession
Q9UEF7	9606.ENSP00000369442	accession
Q96E93	9606.ENSP00000266551	accession
P13473	9606.ENSP00000408411	accession
P18428	9606.ENSP00000217407	accession
P80188	9606.ENSP00000362108	accession
P13796	9606.ENSP00000381581	accession
P41159	9606.ENSP00000312652	accession
P17931	9606.ENSP00000254301	accession
P15018	9606.ENSP00000249075	accession
P02545	9606.ENSP00000357283	accession
P20700	9606.ENSP00000261366	accession
Q03252	9606.ENSP00000327054	accession
P06858	9606.ENSP00000497642	accession
Q8IWT6	9606.ENSP00000259324	accession
Q8TDW0	9606.ENSP00000359483	accession
Q6NSJ5	9606.ENSP00000479953	accession
Q32MZ4	9606.ENSP00000375857	accession
Q8ND56	9606.ENSP00000446271	accession
Q16553	9606.ENSP00000428572	accession
Q99698	9606.ENSP00000374443	accession
Q9GZQ8	9606.ENSP00000498476	accession
O43318	9606.ENSP00000358335	accession
Q16539	9606.ENSP00000229795	accession
P49137	9606.ENSP00000356070	accession
Q5T0T0	9606.ENSP00000411848	accession
Q9UEW3	9606.ENSP00000318916	accession
Q7Z434	9606.ENSP00000401980	accession
Q07820	9606.ENSP00000358022	accession
Q00987	9606.ENSP00000258149	accession
P51608	9606.ENSP00000395535	accession
Q86U44	9606.ENSP00000298717	accession
Q5U5Q3	9606.ENSP00000385610	accession
Q8IWA4	9606.ENSP00000420617	accession
Q29983	9606.ENSP00000413079	accession
Q29980	9606.ENSP00000252229	accession
P14174	9606.ENSP00000215754	accession
P46013	9606.ENSP00000357643	accession
P03956	9606.ENSP00000322788	accession
P09238	9606.ENSP00000279441	accession
P39900	9606.ENSP00000458585	accession
P45452	9606.ENSP00000260302	accession
P50281	9606.ENSP00000308208	accession
P08253	9606.ENSP00000219070	accession
P08254	9606.ENSP00000299855	accession
P14780	9606.ENSP00000361405	accession
P41218	9606.ENSP00000357123	accession
Q9Y6X9	9606.ENSP00000380763	accession
Q9HCE1	9606.ENSP00000399797	accession
Q99549	9606.ENSP00000355388	accession
P22897	9606.ENSP00000455897	accession
P49959	9606.ENSP00000325863	accession
P03928	9606.ENSP00000355265	accession
P03886	9606.ENSP00000354687	accession
P03923	9606.ENSP00000354665	accession
P42345	9606.ENSP00000354558	accession
P20591	9606.ENSP00000381601	accession
P20592	9606.ENSP00000333657	accession
Q99836	9606.ENSP00000498321	accession
Q13075	9606.ENSP00000428657	accession
P43490	9606.ENSP00000222553	accession
Q99733	9606.ENSP00000369915	accession
P19838	9606.ENSP00000226574	accession
Q00653	9606.ENSP00000358983	accession
P25963	9606.ENSP00000216797	accession
Q9BYH8	9606.ENSP00000325663	accession
Q7RTR2	9606.ENSP00000352039	accession
Q9NPP4	9606.ENSP00000385428	accession
Q86WI3	9606.ENSP00000262510	accession
Q9C000	9606.ENSP00000460475	accession
Q96P20	9606.ENSP00000337383	accession
P59044	9606.ENSP00000309767	accession
Q9HC29	9606.ENSP00000300589	accession
P46531	9606.ENSP00000498587	accession
Q04721	9606.ENSP00000256646	accession
Q9UM47	9606.ENSP00000263388	accession
Q16612	9606.ENSP00000378996	accession
Q02297	9606.ENSP00000287842	accession
Q08J23	9606.ENSP00000264670	accession
P00973	9606.ENSP00000388001	accession
P29728	9606.ENSP00000342278	accession
Q9Y6K5	9606.ENSP00000228928	accession
Q15646	9606.ENSP00000257570	accession
Q5T2D3	9606.ENSP00000364261	accession
Q96BN8	9606.ENSP00000284274	accession
Q99572	9606.ENSP00000330696	accession
Q13219	9606.ENSP00000330658	accession
Q460N5	9606.ENSP00000418194	accession
Q8IXQ6	9606.ENSP00000353512	accession
Q15365	9606.ENSP00000305556	accession
Q15366	9606.ENSP00000352438	accession
Q15116	9606.ENSP00000335062	accession
P04085	9606.ENSP00000346508	accession
P01127	9606.ENSP00000330382	accession
P16284	9606.ENSP00000457421	accession
P49763	9606.ENSP00000451040	accession
Q8NEB9	9606.ENSP00000262039	accession
P42336	9606.ENSP00000263967	accession
Q13526	9606.ENSP00000247970	accession
Q9BXM7	9606.ENSP00000364204	accession
Q13093	9606.ENSP00000274793	accession
P00750	9606.ENSP00000220809	accession
P00749	9606.ENSP00000361850	accession
Q03405	9606.ENSP00000339328	accession
Q8IV08	9606.ENSP00000387050	accession
Q96BZ4	9606.ENSP00000438677	accession
O60240	9606.ENSP00000300055	accession
Q13794	9606.ENSP00000326119	accession
Q8TCS8	9606.ENSP00000400646	accession
O14802	9606.ENSP00000361446	accession
Q9NW08	9606.ENSP00000228347	accession
O00411	9606.ENSP00000465759	accession
Q8NEY8	9606.ENSP00000378935	accession
P30405	9606.ENSP00000225174	accession
P62136	9606.ENSP00000326031	accession
P36873	9606.ENSP00000341779	accession
Q9BZL4	9606.ENSP00000263433	accession
O75807	9606.ENSP00000200453	accession
P50897	9606.ENSP00000493153	accession
O60828	9606.ENSP00000498362	accession
Q13131	9606.ENSP00000346148	accession
P54646	9606.ENSP00000360290	accession
P78527	9606.ENSP00000313420	accession
O60260	9606.ENSP00000355865	accession
O75569	9606.ENSP00000318176	accession
Q99873	9606.ENSP00000406162	accession
O14744	9606.ENSP00000319169	accession
P28062	9606.ENSP00000364016	accession
P28065	9606.ENSP00000363993	accession
P26599	9606.ENSP00000349428	accession
P43116	9606.ENSP00000245457	accession
O14684	9606.ENSP00000342385	accession
P35354	9606.ENSP00000356438	accession
Q9ULZ3	9606.ENSP00000247470	accession
Q6K0P9	9606.ENSP00000357122	accession
Q92878	9606.ENSP00000368100	accession
P06400	9606.ENSP00000267163	accession
Q8TDY2	9606.ENSP00000025008	accession
Q04864	9606.ENSP00000295025	accession
Q04206	9606.ENSP00000384273	accession
Q01201	9606.ENSP00000221452	accession
Q9Y3B8	9606.ENSP00000480535	accession
Q6R327	9606.ENSP00000296782	accession
O14730	9606.ENSP00000341874	accession
Q13546	9606.ENSP00000259808	accession
O43353	9606.ENSP00000220751	accession
P10153	9606.ENSP00000303276	accession
O75792	9606.ENSP00000221486	accession
Q5TBB1	9606.ENSP00000337623	accession
Q8TDP1	9606.ENSP00000308193	accession
Q05823	9606.ENSP00000356530	accession
O00584	9606.ENSP00000426455	accession
Q8IUD6	9606.ENSP00000328340	accession
O75582	9606.ENSP00000479667	accession
P23443	9606.ENSP00000225577	accession
P08865	9606.ENSP00000389351	accession
Q8N122	9606.ENSP00000307272	accession
Q8WXG1	9606.ENSP00000371471	accession
Q96DX8	9606.ENSP00000259030	accession
P0DJI8	9606.ENSP00000384906	accession
P0DJI9	9606.ENSP00000436126	accession
Q5K651	9606.ENSP00000369292	accession
Q8IVG5	9606.ENSP00000326247	accession
Q9Y3Z3	9606.ENSP00000493536	accession
Q01826	9606.ENSP00000399518	accession
Q969E2	9606.ENSP00000316007	accession
O00560	9606.ENSP00000428184	accession
Q14242	9606.ENSP00000228463	accession
Q13275	9606.ENSP00000002829	accession
Q9HC62	9606.ENSP00000296257	accession
Q9BQF6	9606.ENSP00000377655	accession
P48594	9606.ENSP00000343445	accession
P05121	9606.ENSP00000223095	accession
P07093	9606.ENSP00000415786	accession
Q15047	9606.ENSP00000271640	accession
Q9NXL6	9606.ENSP00000377416	accession
Q8NBJ9	9606.ENSP00000314023	accession
Q9BZZ2	9606.ENSP00000341141	accession
Q96LC7	9606.ENSP00000345243	accession
Q96EB6	9606.ENSP00000212015	accession
Q9NTG7	9606.ENSP00000372191	accession
Q8N6T7	9606.ENSP00000337332	accession
Q9NRC8	9606.ENSP00000329466	accession
Q15477	9606.ENSP00000364543	accession
Q8N697	9606.ENSP00000266771	accession
P41440	9606.ENSP00000308895	accession
Q9BSK2	9606.ENSP00000306328	accession
Q9BY10	9606.ENSP00000363345	accession
Q7Z7L1	9606.ENSP00000378067	accession
P51532	9606.ENSP00000343896	accession
O15524	9606.ENSP00000496577	accession
O14543	9606.ENSP00000330341	accession
P10451	9606.ENSP00000378517	accession
Q9BT56	9606.ENSP00000256969	accession
Q13501	9606.ENSP00000374455	accession
P42224	9606.ENSP00000354394	accession
P52630	9606.ENSP00000315768	accession
P40763	9606.ENSP00000264657	accession
Q86WV6	9606.ENSP00000498596	accession
Q15831	9606.ENSP00000324856	accession
Q8IYB8	9606.ENSP00000352678	accession
P21675	9606.ENSP00000406549	accession
Q92844	9606.ENSP00000259075	accession
Q03518	9606.ENSP00000346206	accession
Q9HAI6	9606.ENSP00000368245	accession
Q9UK61	9606.ENSP00000347845	accession
Q86VP1	9606.ENSP00000379612	accession
Q9UHD2	9606.ENSP00000329967	accession
A7MCY6	9606.ENSP00000354777	accession
P36402	9606.ENSP00000340347	accession
O14746	9606.ENSP00000309572	accession
Q00059	9606.ENSP00000420588	accession
P19484	9606.ENSP00000351742	accession
P01135	9606.ENSP00000404131	accession
P01137	9606.ENSP00000221930	accession
Q8IUC6	9606.ENSP00000248244	accession
Q86XR7	9606.ENSP00000415139	accession
Q495A1	9606.ENSP00000419085	accession
P16035	9606.ENSP00000262768	accession
P58753	9606.ENSP00000376445	accession
O60603	9606.ENSP00000260010	accession
O15455	9606.ENSP00000296795	accession
O00206	9606.ENSP00000363089	accession
Q9NYK1	9606.ENSP00000370034	accession
Q9NR97	9606.ENSP00000312082	accession
Q9NR96	9606.ENSP00000353874	accession
P01375	9606.ENSP00000398698	accession
P21580	9606.ENSP00000481570	accession
O14798	9606.ENSP00000349324	accession
Q9Y6Q6	9606.ENSP00000465500	accession
O00300	9606.ENSP00000297350	accession
Q92956	9606.ENSP00000347948	accession
P19438	9606.ENSP00000162749	accession
P20333	9606.ENSP00000365435	accession
P50591	9606.ENSP00000241261	accession
Q9Y275	9606.ENSP00000365048	accession
Q15025	9606.ENSP00000317891	accession
O15417	9606.ENSP00000395538	accession
P11387	9606.ENSP00000354522	accession
P04637	9606.ENSP00000269305	accession
Q12888	9606.ENSP00000371475	accession
Q13114	9606.ENSP00000376500	accession
O00463	9606.ENSP00000261464	accession
Q9Y4K3	9606.ENSP00000433623	accession
Q9NP99	9606.ENSP00000244709	accession
Q9NZC2	9606.ENSP00000362205	accession
Q9NSU2	9606.ENSP00000486676	accession
Q96RU7	9606.ENSP00000415416	accession
Q14142	9606.ENSP00000344208	accession
P19474	9606.ENSP00000254436	accession
Q14258	9606.ENSP00000323889	accession
Q13263	9606.ENSP00000253024	accession
Q14134	9606.ENSP00000343129	accession
O75382	9606.ENSP00000433102	accession
Q9C037	9606.ENSP00000348216	accession
Q6P9F5	9606.ENSP00000379826	accession
Q8WV44	9606.ENSP00000320869	accession
Q9BRZ2	9606.ENSP00000305161	accession
Q9BSJ2	9606.ENSP00000446093	accession
Q9BZM6	9606.ENSP00000229708	accession
Q9BZM5	9606.ENSP00000356320	accession
Q9BZM4	9606.ENSP00000356308	accession
O75385	9606.ENSP00000324560	accession
Q9H1C4	9606.ENSP00000227471	accession
Q9UMW8	9606.ENSP00000215794	accession
Q9UHP3	9606.ENSP00000383044	accession
P19320	9606.ENSP00000294728	accession
P21796	9606.ENSP00000378487	accession
P45880	9606.ENSP00000361635	accession
Q9Y277	9606.ENSP00000428845	accession
P49767	9606.ENSP00000480043	accession
O15240	9606.ENSP00000249330	accession
Q9Y279	9606.ENSP00000363869	accession
Q9Y4P8	9606.ENSP00000288828	accession
Q9UBV4	9606.ENSP00000222462	accession
P09544	9606.ENSP00000265441	accession
Q14191	9606.ENSP00000298139	accession
Q9GZV5	9606.ENSP00000419465	accession
Q6GPH4	9606.ENSP00000354822	accession
P17861	9606.ENSP00000216037	accession
P13010	9606.ENSP00000375978	accession
P12956	9606.ENSP00000352257	accession
P46937	9606.ENSP00000478927	accession
Q96TA2	9606.ENSP00000318480	accession
Q9BYJ9	9606.ENSP00000359364	accession
P62258	9606.ENSP00000264335	accession
Q04917	9606.ENSP00000248975	accession
Q9H171	9606.ENSP00000360215	accession
Q5D1E8	9606.ENSP00000362179	accession
Q7Z2W4	9606.ENSP00000242351	accession
Q9NUD5	9606.ENSP00000484056	accession
P26651	9606.ENSP00000471239	accession
Q07352	9606.ENSP00000337386	accession
O75844	9606.ENSP00000361845	accession
Q86UK7	9606.ENSP00000455308	accession
Q05481	9606.ENSP00000300619	accession
P35789	9606.ENSP00000342002	accession
Q9C0D3	9606.ENSP00000294353	accession
P0DY56	9606.ENSP00000276927	symbol
P15692	9606.ENSP00000352798	symbol
